# timestamp tx ty tz qx qy qz qw
1403715273.262142897 1.147640 -0.153279 1.059738 0.000000 0.000000 0.000000 1.000000
1403715273.312143087 1.147640 -0.153279 1.059738 0.000000 0.000000 0.000000 1.000000
1403715273.362143040 1.147640 -0.153279 1.059738 0.000000 0.000000 0.000000 1.000000
1403715273.412142992 1.147640 -0.153279 1.059738 0.000000 0.000000 0.000000 1.000000
1403715273.462142944 1.147640 -0.153279 1.059738 0.000000 0.000000 0.000000 1.000000
1403715273.512143135 1.147640 -0.153279 1.059738 0.000000 0.000000 0.000000 1.000000
1403715273.562143087 1.147640 -0.153279 1.059738 0.000000 0.000000 0.000000 1.000000
1403715273.612143040 1.147640 -0.153279 1.059738 0.000000 0.000000 0.000000 1.000000
1403715273.662142992 1.147640 -0.153279 1.059738 0.000000 0.000000 0.000000 1.000000
1403715273.712143183 1.147640 -0.153279 1.059738 0.000000 0.000000 0.000000 1.000000
1403715273.762142897 1.147640 -0.153279 1.059738 0.000000 0.000000 0.000000 1.000000
1403715273.812143087 1.147640 -0.153279 1.059738 0.000000 0.000000 0.000000 1.000000
1403715273.862143040 1.147640 -0.153279 1.059738 0.000000 0.000000 0.000000 1.000000
1403715273.912142992 1.147640 -0.153279 1.059738 0.000000 0.000000 0.000000 1.000000
1403715273.962142944 1.147640 -0.153279 1.059738 0.000000 0.000000 0.000000 1.000000
1403715274.012143135 1.147634 -0.153280 1.059738 0.000000 0.000000 0.000000 1.000000
1403715274.062143087 1.147635 -0.153281 1.059741 0.000000 0.000000 0.000000 1.000000
1403715274.112143040 1.147635 -0.153281 1.059742 0.000000 0.000000 0.000000 1.000000
1403715274.162142992 1.147635 -0.153282 1.059743 0.000000 0.000000 0.000000 1.000000
1403715274.212143183 1.147636 -0.153282 1.059743 0.000000 0.000000 0.000000 1.000000
1403715274.262142897 1.147636 -0.153282 1.059743 0.000000 0.000000 0.000000 1.000000
1403715274.312143087 1.147636 -0.153282 1.059743 0.000000 0.000000 0.000000 1.000000
1403715274.362143040 1.147636 -0.153282 1.059743 0.000000 0.000000 0.000000 1.000000
1403715274.412142992 1.147636 -0.153282 1.059743 0.000000 0.000000 0.000000 1.000000
1403715274.462142944 1.147636 -0.153282 1.059743 0.000000 0.000000 0.000000 1.000000
1403715274.512143135 1.147636 -0.153282 1.059743 0.000000 0.000000 0.000000 1.000000
1403715274.562143087 1.147636 -0.153282 1.059743 0.000000 0.000000 0.000000 1.000000
1403715274.612143040 1.147636 -0.153282 1.059743 0.000000 0.000000 0.000000 1.000000
1403715274.662142992 1.147636 -0.153282 1.059743 0.000000 0.000000 0.000000 1.000000
1403715274.712143183 1.147636 -0.153282 1.059743 0.000000 0.000000 0.000000 1.000000
1403715274.762142897 1.147636 -0.153282 1.059743 0.000000 0.000000 0.000000 1.000000
1403715274.812143087 1.147636 -0.153282 1.059743 0.000000 0.000000 0.000000 1.000000
1403715274.862143040 1.147636 -0.153282 1.059743 0.000000 0.000000 0.000000 1.000000
1403715274.912142992 1.147636 -0.153282 1.059743 0.000000 0.000000 0.000000 1.000000
1403715274.962142944 1.147636 -0.153282 1.059743 0.000000 0.000000 0.000000 1.000000
1403715275.012143135 1.147636 -0.153282 1.059743 0.000000 0.000000 0.000000 1.000000
1403715275.062143087 1.147636 -0.153282 1.059743 0.000000 0.000000 0.000000 1.000000
1403715275.112143040 1.147636 -0.153282 1.059743 0.000000 0.000000 0.000000 1.000000
1403715275.162142992 1.147636 -0.153282 1.059743 0.000000 0.000000 0.000000 1.000000
1403715275.212143183 1.147636 -0.153282 1.059743 0.000000 0.000000 0.000000 1.000000
1403715275.262142897 1.147636 -0.153282 1.059743 0.000000 0.000000 0.000000 1.000000
1403715275.312143087 1.147636 -0.153282 1.059743 0.000000 0.000000 0.000000 1.000000
1403715275.362143040 1.147636 -0.153282 1.059743 0.000000 0.000000 0.000000 1.000000
1403715275.412142992 1.147636 -0.153282 1.059743 0.000000 0.000000 0.000000 1.000000
1403715275.462142944 1.147636 -0.153282 1.059743 0.000000 0.000000 0.000000 1.000000
1403715275.512143135 1.147636 -0.153282 1.059743 0.000000 0.000000 0.000000 1.000000
1403715275.562143087 1.147636 -0.153282 1.059743 0.000000 0.000000 0.000000 1.000000
1403715275.612143040 1.147636 -0.153282 1.059743 0.000000 0.000000 0.000000 1.000000
1403715275.662142992 1.147636 -0.153282 1.059743 0.000000 0.000000 0.000000 1.000000
1403715275.712143183 1.147636 -0.153282 1.059743 0.000000 0.000000 0.000000 1.000000
1403715275.762142897 1.147636 -0.153282 1.059743 0.000000 0.000000 0.000000 1.000000
1403715275.812143087 1.147636 -0.153282 1.059743 0.000000 0.000000 0.000000 1.000000
1403715275.862143040 1.147636 -0.153282 1.059743 0.000000 0.000000 0.000000 1.000000
1403715275.912142992 1.147636 -0.153282 1.059743 0.000000 0.000000 0.000000 1.000000
1403715275.962142944 1.147636 -0.153282 1.059743 0.000000 0.000000 0.000000 1.000000
1403715276.012143135 1.147636 -0.153282 1.059743 0.000000 0.000000 0.000000 1.000000
1403715276.062143087 1.147636 -0.153282 1.059743 0.000000 0.000000 0.000000 1.000000
1403715276.112143040 1.147636 -0.153282 1.059743 0.000000 0.000000 0.000000 1.000000
1403715276.162142992 1.147636 -0.153282 1.059743 0.000000 0.000000 0.000000 1.000000
1403715276.212143183 1.147636 -0.153282 1.059743 0.000000 0.000000 0.000000 1.000000
1403715276.262142897 1.147636 -0.153282 1.059743 0.000000 0.000000 0.000000 1.000000
1403715276.312143087 1.147636 -0.153282 1.059743 0.000000 0.000000 0.000000 1.000000
1403715276.362143040 1.147636 -0.153282 1.059743 0.000000 0.000000 0.000000 1.000000
1403715276.412142992 1.147636 -0.153282 1.059743 0.000000 0.000000 0.000000 1.000000
1403715276.462142944 1.147636 -0.153282 1.059743 0.000000 0.000000 0.000000 1.000000
1403715276.512143135 1.147636 -0.153282 1.059743 0.000000 0.000000 0.000000 1.000000
1403715276.562143087 1.147636 -0.153282 1.059743 0.000000 0.000000 0.000000 1.000000
1403715276.612143040 1.147636 -0.153282 1.059743 0.000000 0.000000 0.000000 1.000000
1403715276.662142992 1.147636 -0.153282 1.059743 0.000000 0.000000 0.000000 1.000000
1403715276.712143183 1.147636 -0.153282 1.059743 0.000000 0.000000 0.000000 1.000000
1403715276.762142897 1.147636 -0.153282 1.059743 0.000000 0.000000 0.000000 1.000000
1403715276.812143087 1.147636 -0.153282 1.059743 0.000000 0.000000 0.000000 1.000000
1403715276.862143040 1.147636 -0.153282 1.059743 0.000000 0.000000 0.000000 1.000000
1403715276.912142992 1.147636 -0.153282 1.059743 0.000000 0.000000 0.000000 1.000000
1403715276.962142944 1.147636 -0.153282 1.059743 0.000000 0.000000 0.000000 1.000000
1403715277.012143135 1.147636 -0.153282 1.059743 0.000000 0.000000 0.000000 1.000000
1403715277.062143087 1.147636 -0.153282 1.059743 0.000000 0.000000 0.000000 1.000000
1403715277.112143040 1.147636 -0.153282 1.059743 0.000000 0.000000 0.000000 1.000000
1403715277.162142992 1.147636 -0.153282 1.059743 0.000000 0.000000 0.000000 1.000000
1403715277.212143183 1.147636 -0.153282 1.059743 0.000000 0.000000 0.000000 1.000000
1403715277.262142897 1.147636 -0.153282 1.059743 0.000000 0.000000 0.000000 1.000000
1403715277.312143087 1.147636 -0.153282 1.059743 0.000000 0.000000 0.000000 1.000000
1403715277.362143040 1.147636 -0.153282 1.059743 0.000000 0.000000 0.000000 1.000000
1403715277.412142992 1.147636 -0.153282 1.059743 0.000000 0.000000 0.000000 1.000000
1403715277.462142944 1.147636 -0.153282 1.059743 0.000000 0.000000 0.000000 1.000000
1403715277.512143135 1.147636 -0.153282 1.059743 0.000000 0.000000 0.000000 1.000000
1403715277.562143087 1.147636 -0.153282 1.059743 0.000000 0.000000 0.000000 1.000000
1403715277.612143040 1.147636 -0.153282 1.059743 0.000000 0.000000 0.000000 1.000000
1403715277.662142992 1.147636 -0.153282 1.059743 0.000000 0.000000 0.000000 1.000000
1403715277.712143183 1.147636 -0.153282 1.059743 0.000000 0.000000 0.000000 1.000000
1403715277.762142897 1.147636 -0.153282 1.059743 0.000000 0.000000 0.000000 1.000000
1403715277.812143087 1.147636 -0.153282 1.059743 0.000000 0.000000 0.000000 1.000000
1403715277.862143040 1.147630 -0.153282 1.059744 0.000000 0.000000 0.000000 1.000000
1403715277.912142992 1.147627 -0.153283 1.059744 0.000000 0.000000 0.000000 1.000000
1403715277.962142944 1.147626 -0.153283 1.059744 0.000000 0.000000 0.000000 1.000000
1403715278.012143135 1.147625 -0.153283 1.059744 0.000000 0.000000 0.000000 1.000000
1403715278.062143087 1.147624 -0.153283 1.059744 0.000000 0.000000 0.000000 1.000000
1403715278.112143040 1.147624 -0.153283 1.059744 0.000000 0.000000 0.000000 1.000000
1403715278.162142992 1.147624 -0.153283 1.059744 0.000000 0.000000 0.000000 1.000000
1403715278.212143183 1.147624 -0.153283 1.059744 0.000000 0.000000 0.000000 1.000000
1403715278.262142897 1.147620 -0.153285 1.059748 0.000000 0.000000 0.000000 1.000000
1403715278.312143087 1.147613 -0.153288 1.059754 0.000000 0.000000 0.000000 1.000000
1403715278.362143040 1.147599 -0.153293 1.059763 0.000000 0.000000 0.000000 1.000000
1403715278.412142992 1.147582 -0.153298 1.059771 0.000000 0.000000 0.000000 1.000000
1403715278.462142944 1.147567 -0.153306 1.059786 0.000000 0.000000 0.000000 1.000000
1403715278.512143135 1.147549 -0.153320 1.059814 0.000000 0.000000 0.000000 1.000000
1403715278.562143087 1.147526 -0.153348 1.059871 0.000000 0.000000 0.000000 1.000000
1403715278.612143040 1.147501 -0.153385 1.059948 0.000000 0.000000 0.000000 1.000000
1403715278.662142992 1.147475 -0.153422 1.060024 0.000000 0.000000 0.000000 1.000000
1403715278.712143183 1.151149 -0.152150 1.058322 0.000000 0.000000 0.000000 1.000000
1403715278.762142897 1.153163 -0.151474 1.057440 0.000000 0.000000 0.000000 1.000000
1403715278.812143087 1.154914 -0.152196 1.059903 0.000000 0.000000 0.000000 1.000000
1403715278.862143040 1.155874 -0.152619 1.061316 0.000000 0.000000 0.000000 1.000000
1403715278.912142992 1.156400 -0.152871 1.062136 0.000000 0.000000 0.000000 1.000000
1403715278.962142944 1.156687 -0.153031 1.062632 0.000000 0.000000 0.000000 1.000000
1403715279.012143135 1.153799 -0.152108 1.061070 0.000000 0.000000 0.000000 1.000000
1403715279.062143087 1.152207 -0.151610 1.060231 0.000000 0.000000 0.000000 1.000000
1403715279.112143040 1.151322 -0.151342 1.059783 0.000000 0.000000 0.000000 1.000000
1403715279.162142992 1.150833 -0.151192 1.059530 0.000000 0.000000 0.000000 1.000000
1403715279.212143183 1.150562 -0.151107 1.059385 0.000000 0.000000 0.000000 1.000000
1403715279.262142897 1.150411 -0.151056 1.059294 0.000000 0.000000 0.000000 1.000000
1403715279.312143087 1.150324 -0.151022 1.059231 0.000000 0.000000 0.000000 1.000000
1403715279.362143040 1.150267 -0.150998 1.059183 0.000000 0.000000 0.000000 1.000000
1403715279.412142992 1.150223 -0.150986 1.059156 0.000000 0.000000 0.000000 1.000000
1403715279.462142944 1.150197 -0.150974 1.059130 0.000000 0.000000 0.000000 1.000000
1403715279.512143135 1.150176 -0.150967 1.059114 0.000000 0.000000 0.000000 1.000000
1403715279.562143087 1.150159 -0.150961 1.059099 0.000000 0.000000 0.000000 1.000000
1403715279.612143040 1.150149 -0.150958 1.059091 0.000000 0.000000 0.000000 1.000000
1403715279.662142992 1.150147 -0.150958 1.059091 0.000000 0.000000 0.000000 1.000000
1403715279.712143183 1.150144 -0.150962 1.059100 0.000000 0.000000 0.000000 1.000000
1403715279.762142897 1.150142 -0.150967 1.059113 0.000000 0.000000 0.000000 1.000000
1403715279.812143087 1.150141 -0.150973 1.059126 0.000000 0.000000 0.000000 1.000000
1403715279.862143040 1.150142 -0.150980 1.059141 0.000000 0.000000 0.000000 1.000000
1403715279.912142992 1.150144 -0.150986 1.059155 0.000000 0.000000 0.000000 1.000000
1403715279.962142944 1.150148 -0.150985 1.059154 0.000000 0.000000 0.000000 1.000000
1403715280.012143135 1.150153 -0.150970 1.059120 0.000000 0.000000 0.000000 1.000000
1403715280.062143087 1.150162 -0.150943 1.059059 0.000000 0.000000 0.000000 1.000000
1403715280.112143040 1.150170 -0.150913 1.058990 0.000000 0.000000 0.000000 1.000000
1403715280.162142992 1.150178 -0.150887 1.058932 0.000000 0.000000 0.000000 1.000000
1403715280.212143183 1.150187 -0.150859 1.058869 0.000000 0.000000 0.000000 1.000000
1403715280.262142897 1.147559 -0.147589 1.057954 0.000000 0.000000 0.000000 1.000000
1403715280.312143087 1.142998 -0.142026 1.056873 0.000000 0.000000 0.000000 1.000000
1403715280.362143040 1.140474 -0.138986 1.056325 0.000000 0.000000 0.000000 1.000000
1403715280.412142992 1.139059 -0.137334 1.056066 0.000000 0.000000 0.000000 1.000000
1403715280.462142944 1.138266 -0.136434 1.055945 0.000000 0.000000 0.000000 1.000000
1403715280.512143135 1.137816 -0.135947 1.055894 0.000000 0.000000 0.000000 1.000000
1403715280.562143087 1.137554 -0.135685 1.055880 0.000000 0.000000 0.000000 1.000000
1403715280.612143040 1.137385 -0.135553 1.055897 0.000000 0.000000 0.000000 1.000000
1403715280.662142992 1.137248 -0.135495 1.055938 0.000000 0.000000 0.000000 1.000000
1403715280.712143183 1.135390 -0.131912 1.055091 0.000000 0.000000 0.000000 1.000000
1403715280.762142897 1.134306 -0.129958 1.054660 0.000000 0.000000 0.000000 1.000000
1403715280.812143087 1.133644 -0.128899 1.054456 0.000000 0.000000 0.000000 1.000000
1403715280.862143040 1.133213 -0.128334 1.054381 0.000000 0.000000 0.000000 1.000000
1403715280.912142992 1.132907 -0.128041 1.054375 0.000000 0.000000 0.000000 1.000000
1403715280.962142944 1.132686 -0.127894 1.054403 0.000000 0.000000 0.000000 1.000000
1403715281.012143135 1.132522 -0.127827 1.054448 0.000000 0.000000 0.000000 1.000000
1403715281.062143087 1.132390 -0.127800 1.054493 0.000000 0.000000 0.000000 1.000000
1403715281.112143040 1.132287 -0.127795 1.054538 0.000000 0.000000 0.000000 1.000000
1403715281.162142992 1.132206 -0.127800 1.054580 0.000000 0.000000 0.000000 1.000000
1403715281.212143183 1.132140 -0.127809 1.054617 0.000000 0.000000 0.000000 1.000000
1403715281.262142897 1.132082 -0.127821 1.054653 0.000000 0.000000 0.000000 1.000000
1403715281.312143087 1.132018 -0.127835 1.054686 0.000000 0.000000 0.000000 1.000000
1403715281.362143040 1.131947 -0.127851 1.054720 0.000000 0.000000 0.000000 1.000000
1403715281.412142992 1.131865 -0.127868 1.054756 0.000000 0.000000 0.000000 1.000000
1403715281.462142944 1.131768 -0.127890 1.054799 0.000000 0.000000 0.000000 1.000000
1403715281.512143135 1.131654 -0.127915 1.054851 0.000000 0.000000 0.000000 1.000000
1403715281.562143087 1.131522 -0.127945 1.054908 0.000000 0.000000 0.000000 1.000000
1403715281.612143040 1.131375 -0.127978 1.054975 0.000000 0.000000 0.000000 1.000000
1403715281.662142992 1.131216 -0.128017 1.055050 0.000000 0.000000 0.000000 1.000000
1403715281.712143183 1.131043 -0.128058 1.055133 0.000000 0.000000 0.000000 1.000000
1403715281.762142897 1.130865 -0.128102 1.055219 0.000000 0.000000 0.000000 1.000000
1403715281.812143087 1.130580 -0.123810 1.055453 0.000000 0.000000 0.000000 1.000000
1403715281.862143040 1.130337 -0.121471 1.055630 0.000000 0.000000 0.000000 1.000000
1403715281.912142992 1.130114 -0.120204 1.055771 0.000000 0.000000 0.000000 1.000000
1403715281.962142944 1.129908 -0.119527 1.055895 0.000000 0.000000 0.000000 1.000000
1403715282.012143135 1.129717 -0.119175 1.056007 0.000000 0.000000 0.000000 1.000000
1403715282.062143087 1.129533 -0.119002 1.056116 0.000000 0.000000 0.000000 1.000000
1403715282.112143040 1.129349 -0.118927 1.056220 0.000000 0.000000 0.000000 1.000000
1403715282.162142992 1.128768 -0.114977 1.058614 0.000000 0.000000 0.000000 1.000000
1403715282.212143183 1.128384 -0.112822 1.059976 0.000000 0.000000 0.000000 1.000000
1403715282.262142897 1.131307 -0.114321 1.059591 0.000000 0.000000 0.000000 1.000000
1403715282.312143087 1.132853 -0.115162 1.059422 0.000000 0.000000 0.000000 1.000000
1403715282.362143040 1.133643 -0.115643 1.059375 0.000000 0.000000 0.000000 1.000000
1403715282.412142992 1.134007 -0.115922 1.059387 0.000000 0.000000 0.000000 1.000000
1403715282.462142944 1.134151 -0.116093 1.059438 0.000000 0.000000 0.000000 1.000000
1403715282.512143135 1.134176 -0.116204 1.059511 0.000000 0.000000 0.000000 1.000000
1403715282.562143087 1.134139 -0.116283 1.059595 0.000000 0.000000 0.000000 1.000000
1403715282.612143040 1.134075 -0.116344 1.059689 0.000000 0.000000 0.000000 1.000000
1403715282.662142992 1.134003 -0.116395 1.059784 0.000000 0.000000 0.000000 1.000000
1403715282.712143183 1.133929 -0.116441 1.059881 0.000000 0.000000 0.000000 1.000000
1403715282.762142897 1.133861 -0.116482 1.059973 0.000000 0.000000 0.000000 1.000000
1403715282.812143087 1.133793 -0.116520 1.060065 0.000000 0.000000 0.000000 1.000000
1403715282.862143040 1.133720 -0.116557 1.060156 0.000000 0.000000 0.000000 1.000000
1403715282.912142992 1.133647 -0.116595 1.060251 0.000000 0.000000 0.000000 1.000000
1403715282.962142944 1.133573 -0.116632 1.060345 0.000000 0.000000 0.000000 1.000000
1403715283.012143135 1.133501 -0.116669 1.060438 0.000000 0.000000 0.000000 1.000000
1403715283.062143087 1.133437 -0.116706 1.060533 0.000000 0.000000 0.000000 1.000000
1403715283.112143040 1.133374 -0.116743 1.060627 0.000000 0.000000 0.000000 1.000000
1403715283.162142992 1.134074 -0.112604 1.059273 0.000000 0.000000 0.000000 1.000000
1403715283.212143183 1.134438 -0.110343 1.058571 0.000000 0.000000 0.000000 1.000000
1403715283.262142897 1.134612 -0.109117 1.058229 0.000000 0.000000 0.000000 1.000000
1403715283.312143087 1.134684 -0.108458 1.058084 0.000000 0.000000 0.000000 1.000000
1403715283.362143040 1.134701 -0.108113 1.058050 0.000000 0.000000 0.000000 1.000000
1403715283.412142992 1.134674 -0.107940 1.058074 0.000000 0.000000 0.000000 1.000000
1403715283.462142944 1.134619 -0.107860 1.058128 0.000000 0.000000 0.000000 1.000000
1403715283.512143135 1.134537 -0.107830 1.058197 0.000000 0.000000 0.000000 1.000000
1403715283.562143087 1.134437 -0.107828 1.058271 0.000000 0.000000 0.000000 1.000000
1403715283.612143040 1.134328 -0.107838 1.058342 0.000000 0.000000 0.000000 1.000000
1403715283.662142992 1.134226 -0.107852 1.058403 0.000000 0.000000 0.000000 1.000000
1403715283.712143183 1.134145 -0.107867 1.058456 0.000000 0.000000 0.000000 1.000000
1403715283.762142897 1.134088 -0.107881 1.058499 0.000000 0.000000 0.000000 1.000000
1403715283.812143087 1.134058 -0.107892 1.058533 0.000000 0.000000 0.000000 1.000000
1403715283.862143040 1.134041 -0.107902 1.058560 0.000000 0.000000 0.000000 1.000000
1403715283.912142992 1.134040 -0.107911 1.058587 0.000000 0.000000 0.000000 1.000000
1403715283.962142944 1.134050 -0.107919 1.058610 0.000000 0.000000 0.000000 1.000000
1403715284.012143135 1.134050 -0.107913 1.058593 0.000000 0.000000 0.000000 1.000000
1403715284.062143087 1.134045 -0.107897 1.058551 0.000000 0.000000 0.000000 1.000000
1403715284.112143040 1.134090 -0.106627 1.055578 0.000000 0.000000 0.000000 1.000000
1403715284.162142992 1.134128 -0.105914 1.053904 0.000000 0.000000 0.000000 1.000000
1403715284.212143183 1.134195 -0.105513 1.052959 0.000000 0.000000 0.000000 1.000000
1403715284.262142897 1.134279 -0.105286 1.052421 0.000000 0.000000 0.000000 1.000000
1403715284.312143087 1.134845 -0.103902 1.049094 0.000000 0.000000 0.000000 1.000000
1403715284.362143040 1.135198 -0.103138 1.047256 0.000000 0.000000 0.000000 1.000000
1403715284.412142992 1.135395 -0.102711 1.046225 0.000000 0.000000 0.000000 1.000000
1403715284.462142944 1.135511 -0.102467 1.045632 0.000000 0.000000 0.000000 1.000000
1403715284.512143135 1.135574 -0.102321 1.045276 0.000000 0.000000 0.000000 1.000000
1403715284.562143087 1.135458 -0.097971 1.045293 0.000000 0.000000 0.000000 1.000000
1403715284.612143040 1.135409 -0.095567 1.045270 0.000000 0.000000 0.000000 1.000000
1403715284.662142992 1.135386 -0.094235 1.045228 0.000000 0.000000 0.000000 1.000000
1403715284.712143183 1.135383 -0.093494 1.045181 0.000000 0.000000 0.000000 1.000000
1403715284.762142897 1.135400 -0.093081 1.045142 0.000000 0.000000 0.000000 1.000000
1403715284.812143087 1.135403 -0.092860 1.045137 0.000000 0.000000 0.000000 1.000000
1403715284.862143040 1.135402 -0.092748 1.045161 0.000000 0.000000 0.000000 1.000000
1403715284.912142992 1.135062 -0.090651 1.048197 0.000000 0.000000 0.000000 1.000000
1403715284.962142944 1.134871 -0.089517 1.049920 0.000000 0.000000 0.000000 1.000000
1403715285.012143135 1.134764 -0.088915 1.050931 0.000000 0.000000 0.000000 1.000000
1403715285.062143087 1.134698 -0.088608 1.051558 0.000000 0.000000 0.000000 1.000000
1403715285.112143040 1.132594 -0.085229 1.055006 0.000000 0.000000 0.000000 1.000000
1403715285.162142992 1.131399 -0.083396 1.056977 0.000000 0.000000 0.000000 1.000000
1403715285.212143183 1.130696 -0.082411 1.058136 0.000000 0.000000 0.000000 1.000000
1403715285.262142897 1.130267 -0.081892 1.058840 0.000000 0.000000 0.000000 1.000000
1403715285.312143087 1.129991 -0.081628 1.059292 0.000000 0.000000 0.000000 1.000000
1403715285.362143040 1.129801 -0.081501 1.059597 0.000000 0.000000 0.000000 1.000000
1403715285.412142992 1.129662 -0.081445 1.059808 0.000000 0.000000 0.000000 1.000000
1403715285.462142944 1.129571 -0.081426 1.059959 0.000000 0.000000 0.000000 1.000000
1403715285.512143135 1.129520 -0.081425 1.060070 0.000000 0.000000 0.000000 1.000000
1403715285.562143087 1.129496 -0.081433 1.060157 0.000000 0.000000 0.000000 1.000000
1403715285.612143040 1.129496 -0.081446 1.060229 0.000000 0.000000 0.000000 1.000000
1403715285.662142992 1.130372 -0.082401 1.063207 0.000000 0.000000 0.000000 1.000000
1403715285.712143183 1.130859 -0.082935 1.064870 0.000000 0.000000 0.000000 1.000000
1403715285.762142897 1.132384 -0.084303 1.068815 0.000000 0.000000 0.000000 1.000000
1403715285.812143087 1.133230 -0.085071 1.071031 0.000000 0.000000 0.000000 1.000000
1403715285.862143040 1.133974 -0.086661 1.075226 0.000000 0.000000 0.000000 1.000000
1403715285.912142992 1.136219 -0.088435 1.080485 0.000000 0.000000 0.000000 1.000000
1403715285.962142944 1.137417 -0.089414 1.083387 0.000000 0.000000 0.000000 1.000000
1403715286.012143135 1.138037 -0.089958 1.084996 0.000000 0.000000 0.000000 1.000000
1403715286.062143087 1.140147 -0.091177 1.089091 0.000000 0.000000 0.000000 1.000000
1403715286.112143040 1.141291 -0.091858 1.091371 0.000000 0.000000 0.000000 1.000000
1403715286.162142992 1.141917 -0.092240 1.092644 0.000000 0.000000 0.000000 1.000000
1403715286.212143183 1.142260 -0.092455 1.093357 0.000000 0.000000 0.000000 1.000000
1403715286.262142897 1.142446 -0.092579 1.093766 0.000000 0.000000 0.000000 1.000000
1403715286.312143087 1.142536 -0.092658 1.094017 0.000000 0.000000 0.000000 1.000000
1403715286.362143040 1.142575 -0.092715 1.094190 0.000000 0.000000 0.000000 1.000000
1403715286.412142992 1.142583 -0.092757 1.094313 0.000000 0.000000 0.000000 1.000000
1403715286.462142944 1.142569 -0.092793 1.094415 0.000000 0.000000 0.000000 1.000000
1403715286.512143135 1.142543 -0.092824 1.094501 0.000000 0.000000 0.000000 1.000000
1403715286.562143087 1.142518 -0.092857 1.094588 0.000000 0.000000 0.000000 1.000000
1403715286.612143040 1.142499 -0.092890 1.094677 0.000000 0.000000 0.000000 1.000000
1403715286.662142992 1.142485 -0.092931 1.094783 0.000000 0.000000 0.000000 1.000000
1403715286.712143183 1.142478 -0.092979 1.094910 0.000000 0.000000 0.000000 1.000000
1403715286.762142897 1.139859 -0.090606 1.097369 0.000000 0.000000 0.000000 1.000000
1403715286.812143087 1.135828 -0.087203 1.100109 0.000000 0.000000 0.000000 1.000000
1403715286.862143040 1.133571 -0.085345 1.101653 0.000000 0.000000 0.000000 1.000000
1403715286.912142992 1.132280 -0.084331 1.102525 0.000000 0.000000 0.000000 1.000000
1403715286.962142944 1.131533 -0.083783 1.103031 0.000000 0.000000 0.000000 1.000000
1403715287.012143135 1.131091 -0.083491 1.103337 0.000000 0.000000 0.000000 1.000000
1403715287.062143087 1.130828 -0.083340 1.103531 0.000000 0.000000 0.000000 1.000000
1403715287.112143040 1.130664 -0.083267 1.103667 0.000000 0.000000 0.000000 1.000000
1403715287.162142992 1.130567 -0.083241 1.103782 0.000000 0.000000 0.000000 1.000000
1403715287.212143183 1.130519 -0.083245 1.103895 0.000000 0.000000 0.000000 1.000000
1403715287.262142897 1.130495 -0.083262 1.104001 0.000000 0.000000 0.000000 1.000000
1403715287.312143087 1.133300 -0.083854 1.106302 0.000000 0.000000 0.000000 1.000000
1403715287.362143040 1.134844 -0.084189 1.107596 0.000000 0.000000 0.000000 1.000000
1403715287.412142992 1.135696 -0.084381 1.108326 0.000000 0.000000 0.000000 1.000000
1403715287.462142944 1.136169 -0.084492 1.108747 0.000000 0.000000 0.000000 1.000000
1403715287.512143135 1.136430 -0.084560 1.108996 0.000000 0.000000 0.000000 1.000000
1403715287.562143087 1.136572 -0.084606 1.109157 0.000000 0.000000 0.000000 1.000000
1403715287.612143040 1.136646 -0.084642 1.109276 0.000000 0.000000 0.000000 1.000000
1403715287.662142992 1.136679 -0.084678 1.109385 0.000000 0.000000 0.000000 1.000000
1403715287.712143183 1.135239 -0.081784 1.112069 0.000000 0.000000 0.000000 1.000000
1403715287.762142897 1.134430 -0.080217 1.113616 0.000000 0.000000 0.000000 1.000000
1403715287.812143087 1.133575 -0.075649 1.115739 0.000000 0.000000 0.000000 1.000000
1403715287.862143040 1.130803 -0.073935 1.120169 0.000000 0.000000 0.000000 1.000000
1403715287.912142992 1.127003 -0.073739 1.125908 0.000000 0.000000 0.000000 1.000000
1403715287.962142944 1.123610 -0.074785 1.133463 0.000000 0.000000 0.000000 1.000000
1403715288.012143135 1.119339 -0.076399 1.141783 0.000000 0.000000 0.000000 1.000000
1403715288.062143087 1.116963 -0.077322 1.146478 0.000000 0.000000 0.000000 1.000000
1403715288.112143040 1.113698 -0.078435 1.152059 0.000000 0.000000 0.000000 1.000000
1403715288.162142992 1.109237 -0.079654 1.158118 0.000000 0.000000 0.000000 1.000000
1403715288.212143183 1.106753 -0.080343 1.161522 0.000000 0.000000 0.000000 1.000000
1403715288.262142897 1.105357 -0.080739 1.163455 0.000000 0.000000 0.000000 1.000000
1403715288.312143087 1.104557 -0.080970 1.164568 0.000000 0.000000 0.000000 1.000000
1403715288.362143040 1.104090 -0.081106 1.165217 0.000000 0.000000 0.000000 1.000000
1403715288.412142992 1.103816 -0.081188 1.165601 0.000000 0.000000 0.000000 1.000000
1403715288.462142944 1.103655 -0.081239 1.165833 0.000000 0.000000 0.000000 1.000000
1403715288.512143135 1.103559 -0.081271 1.165977 0.000000 0.000000 0.000000 1.000000
1403715288.562143087 1.103500 -0.081291 1.166065 0.000000 0.000000 0.000000 1.000000
1403715288.612143040 1.103468 -0.081305 1.166125 0.000000 0.000000 0.000000 1.000000
1403715288.662142992 1.103448 -0.081315 1.166164 0.000000 0.000000 0.000000 1.000000
1403715288.712143183 1.103434 -0.081323 1.166196 0.000000 0.000000 0.000000 1.000000
1403715288.762142897 1.103415 -0.081325 1.166208 0.000000 0.000000 0.000000 1.000000
1403715288.812143087 1.103395 -0.081326 1.166212 0.000000 0.000000 0.000000 1.000000
1403715288.862143040 1.103365 -0.081324 1.166210 0.000000 0.000000 0.000000 1.000000
1403715288.912142992 1.103316 -0.081323 1.166212 0.000000 0.000000 0.000000 1.000000
1403715288.962142944 1.103254 -0.081326 1.166234 0.000000 0.000000 0.000000 1.000000
1403715289.012143135 1.103182 -0.081334 1.166272 0.000000 0.000000 0.000000 1.000000
1403715289.062143087 1.103104 -0.081348 1.166331 0.000000 0.000000 0.000000 1.000000
1403715289.112143040 1.103014 -0.081366 1.166405 0.000000 0.000000 0.000000 1.000000
1403715289.162142992 1.102561 -0.077127 1.166149 0.000000 0.000000 0.000000 1.000000
1403715289.212143183 1.102266 -0.074803 1.166044 0.000000 0.000000 0.000000 1.000000
1403715289.262142897 1.102062 -0.073534 1.166023 0.000000 0.000000 0.000000 1.000000
1403715289.312143087 1.102767 -0.076340 1.167212 0.000000 0.000000 0.000000 1.000000
1403715289.362143040 1.103108 -0.077897 1.167919 0.000000 0.000000 0.000000 1.000000
1403715289.412142992 1.103249 -0.078768 1.168366 0.000000 0.000000 0.000000 1.000000
1403715289.462142944 1.103282 -0.079262 1.168675 0.000000 0.000000 0.000000 1.000000
1403715289.512143135 1.103973 -0.083412 1.170534 0.000000 0.000000 0.000000 1.000000
1403715289.562143087 1.103367 -0.082503 1.171571 0.000000 0.000000 0.000000 1.000000
1403715289.612143040 1.102679 -0.077138 1.171497 0.000000 0.000000 0.000000 1.000000
1403715289.662142992 1.101470 -0.070800 1.171519 0.000000 0.000000 0.000000 1.000000
1403715289.712143183 1.100770 -0.067324 1.171576 0.000000 0.000000 0.000000 1.000000
1403715289.762142897 1.096591 -0.064667 1.172157 0.000000 0.000000 0.000000 1.000000
1403715289.812143087 1.094271 -0.063210 1.172496 0.000000 0.000000 0.000000 1.000000
1403715289.862143040 1.092988 -0.062411 1.172695 0.000000 0.000000 0.000000 1.000000
1403715289.912142992 1.090583 -0.060644 1.169987 0.000000 0.000000 0.000000 1.000000
1403715289.962142944 1.089249 -0.059670 1.168493 0.000000 0.000000 0.000000 1.000000
1403715290.012143135 1.088506 -0.059129 1.167661 0.000000 0.000000 0.000000 1.000000
1403715290.062143087 1.088100 -0.058826 1.167182 0.000000 0.000000 0.000000 1.000000
1403715290.112143040 1.087895 -0.058653 1.166892 0.000000 0.000000 0.000000 1.000000
1403715290.162142992 1.087791 -0.058550 1.166701 0.000000 0.000000 0.000000 1.000000
1403715290.212143183 1.087725 -0.058482 1.166565 0.000000 0.000000 0.000000 1.000000
1403715290.262142897 1.087680 -0.058433 1.166458 0.000000 0.000000 0.000000 1.000000
1403715290.312143087 1.087654 -0.058397 1.166367 0.000000 0.000000 0.000000 1.000000
1403715290.362143040 1.090526 -0.054618 1.166293 0.000000 0.000000 0.000000 1.000000
1403715290.412142992 1.092113 -0.052529 1.166216 0.000000 0.000000 0.000000 1.000000
1403715290.462142944 1.092973 -0.051370 1.166146 0.000000 0.000000 0.000000 1.000000
1403715290.512143135 1.093475 -0.050739 1.166118 0.000000 0.000000 0.000000 1.000000
1403715290.562143087 1.093780 -0.050401 1.166119 0.000000 0.000000 0.000000 1.000000
1403715290.612143040 1.093983 -0.050228 1.166147 0.000000 0.000000 0.000000 1.000000
1403715290.662142992 1.094109 -0.050142 1.166185 0.000000 0.000000 0.000000 1.000000
1403715290.712143183 1.094203 -0.050108 1.166239 0.000000 0.000000 0.000000 1.000000
1403715290.762142897 1.094277 -0.050103 1.166307 0.000000 0.000000 0.000000 1.000000
1403715290.812143087 1.094340 -0.050113 1.166375 0.000000 0.000000 0.000000 1.000000
1403715290.862143040 1.097329 -0.048172 1.165936 0.000000 0.000000 0.000000 1.000000
1403715290.912142992 1.098971 -0.047109 1.165709 0.000000 0.000000 0.000000 1.000000
1403715290.962142944 1.099886 -0.046534 1.165611 0.000000 0.000000 0.000000 1.000000
1403715291.012143135 1.100409 -0.046231 1.165591 0.000000 0.000000 0.000000 1.000000
1403715291.062143087 1.100717 -0.046076 1.165614 0.000000 0.000000 0.000000 1.000000
1403715291.112143040 1.100900 -0.046003 1.165659 0.000000 0.000000 0.000000 1.000000
1403715291.162142992 1.101016 -0.045975 1.165717 0.000000 0.000000 0.000000 1.000000
1403715291.212143183 1.101091 -0.045970 1.165783 0.000000 0.000000 0.000000 1.000000
1403715291.262142897 1.101136 -0.045979 1.165855 0.000000 0.000000 0.000000 1.000000
1403715291.312143087 1.101157 -0.045994 1.165931 0.000000 0.000000 0.000000 1.000000
1403715291.362143040 1.101162 -0.046014 1.166012 0.000000 0.000000 0.000000 1.000000
1403715291.412142992 1.101152 -0.046034 1.166095 0.000000 0.000000 0.000000 1.000000
1403715291.462142944 1.101125 -0.046055 1.166182 0.000000 0.000000 0.000000 1.000000
1403715291.512143135 1.101070 -0.046074 1.166269 0.000000 0.000000 0.000000 1.000000
1403715291.562143087 1.101010 -0.046094 1.166362 0.000000 0.000000 0.000000 1.000000
1403715291.612143040 1.100953 -0.046116 1.166458 0.000000 0.000000 0.000000 1.000000
1403715291.662142992 1.100904 -0.046139 1.166556 0.000000 0.000000 0.000000 1.000000
1403715291.712143183 1.100858 -0.046163 1.166655 0.000000 0.000000 0.000000 1.000000
1403715291.762142897 1.100795 -0.046183 1.166746 0.000000 0.000000 0.000000 1.000000
1403715291.812143087 1.100696 -0.042414 1.168800 0.000000 0.000000 0.000000 1.000000
1403715291.862143040 1.100576 -0.040339 1.169948 0.000000 0.000000 0.000000 1.000000
1403715291.912142992 1.101118 -0.035789 1.173749 0.000000 0.000000 0.000000 1.000000
1403715291.962142944 1.100261 -0.029677 1.177507 0.000000 0.000000 0.000000 1.000000
1403715292.012143135 1.100418 -0.023286 1.182386 0.000000 0.000000 0.000000 1.000000
1403715292.062143087 1.100365 -0.016644 1.187999 0.000000 0.000000 0.000000 1.000000
1403715292.112143040 1.100321 -0.012990 1.191091 0.000000 0.000000 0.000000 1.000000
1403715292.162142992 1.102080 -0.007858 1.195661 0.000000 0.000000 0.000000 1.000000
1403715292.212143183 1.103026 -0.005024 1.198145 0.000000 0.000000 0.000000 1.000000
1403715292.262142897 1.103526 -0.003448 1.199464 0.000000 0.000000 0.000000 1.000000
1403715292.312143087 1.103780 -0.002559 1.200127 0.000000 0.000000 0.000000 1.000000
1403715292.362143040 1.105744 0.001528 1.203308 0.000000 0.000000 0.000000 1.000000
1403715292.412142992 1.106821 0.003803 1.204972 0.000000 0.000000 0.000000 1.000000
1403715292.462142944 1.108126 0.008842 1.207388 0.000000 0.000000 0.000000 1.000000
1403715292.512143135 1.108862 0.011644 1.208617 0.000000 0.000000 0.000000 1.000000
1403715292.562143087 1.111606 0.017026 1.210530 0.000000 0.000000 0.000000 1.000000
1403715292.612143040 1.114678 0.023658 1.212653 0.000000 0.000000 0.000000 1.000000
1403715292.662142992 1.118993 0.030331 1.213637 0.000000 0.000000 0.000000 1.000000
1403715292.712143183 1.123672 0.037500 1.212788 0.000000 0.000000 0.000000 1.000000
1403715292.762142897 1.127951 0.045346 1.213916 0.000000 0.000000 0.000000 1.000000
1403715292.812143087 1.132411 0.053385 1.216214 0.000000 0.000000 0.000000 1.000000
1403715292.862143040 1.136428 0.061633 1.219788 0.000000 0.000000 0.000000 1.000000
1403715292.912142992 1.138665 0.066205 1.221627 0.000000 0.000000 0.000000 1.000000
1403715292.962142944 1.140205 0.070261 1.217976 0.000000 0.000000 0.000000 1.000000
1403715293.012143135 1.142498 0.075443 1.213530 0.000000 0.000000 0.000000 1.000000
1403715293.062143087 1.144900 0.082220 1.211392 0.000000 0.000000 0.000000 1.000000
1403715293.112143040 1.148111 0.088860 1.208014 0.000000 0.000000 0.000000 1.000000
1403715293.162142992 1.152545 0.095585 1.206333 0.000000 0.000000 0.000000 1.000000
1403715293.212143183 1.155050 0.099311 1.205318 0.000000 0.000000 0.000000 1.000000
1403715293.262142897 1.157651 0.102825 1.200260 0.000000 0.000000 0.000000 1.000000
1403715293.312143087 1.159157 0.104781 1.197400 0.000000 0.000000 0.000000 1.000000
1403715293.362143040 1.160067 0.105880 1.195755 0.000000 0.000000 0.000000 1.000000
1403715293.412142992 1.160673 0.106503 1.194803 0.000000 0.000000 0.000000 1.000000
1403715293.462142944 1.161605 0.111081 1.194186 0.000000 0.000000 0.000000 1.000000
1403715293.512143135 1.163335 0.114636 1.190386 0.000000 0.000000 0.000000 1.000000
1403715293.562143087 1.164302 0.121298 1.187544 0.000000 0.000000 0.000000 1.000000
1403715293.612143040 1.164858 0.124978 1.185910 0.000000 0.000000 0.000000 1.000000
1403715293.662142992 1.165176 0.127016 1.184940 0.000000 0.000000 0.000000 1.000000
1403715293.712143183 1.165371 0.128152 1.184340 0.000000 0.000000 0.000000 1.000000
1403715293.762142897 1.165497 0.128791 1.183943 0.000000 0.000000 0.000000 1.000000
1403715293.812143087 1.165589 0.129157 1.183661 0.000000 0.000000 0.000000 1.000000
1403715293.862143040 1.165674 0.129373 1.183443 0.000000 0.000000 0.000000 1.000000
1403715293.912142992 1.165747 0.129507 1.183256 0.000000 0.000000 0.000000 1.000000
1403715293.962142944 1.165827 0.129597 1.183088 0.000000 0.000000 0.000000 1.000000
1403715294.012143135 1.165916 0.129663 1.182928 0.000000 0.000000 0.000000 1.000000
1403715294.062143087 1.166012 0.129717 1.182770 0.000000 0.000000 0.000000 1.000000
1403715294.112143040 1.166126 0.129764 1.182618 0.000000 0.000000 0.000000 1.000000
1403715294.162142992 1.166257 0.129806 1.182475 0.000000 0.000000 0.000000 1.000000
1403715294.212143183 1.166390 0.129847 1.182332 0.000000 0.000000 0.000000 1.000000
1403715294.262142897 1.166519 0.129887 1.182184 0.000000 0.000000 0.000000 1.000000
1403715294.312143087 1.166635 0.129926 1.182030 0.000000 0.000000 0.000000 1.000000
1403715294.362143040 1.166732 0.129965 1.181867 0.000000 0.000000 0.000000 1.000000
1403715294.412142992 1.166817 0.130003 1.181696 0.000000 0.000000 0.000000 1.000000
1403715294.462142944 1.166887 0.130041 1.181523 0.000000 0.000000 0.000000 1.000000
1403715294.512143135 1.166946 0.130078 1.181346 0.000000 0.000000 0.000000 1.000000
1403715294.562143087 1.166983 0.126252 1.178182 0.000000 0.000000 0.000000 1.000000
1403715294.612143040 1.167008 0.124166 1.176347 0.000000 0.000000 0.000000 1.000000
1403715294.662142992 1.167024 0.123036 1.175247 0.000000 0.000000 0.000000 1.000000
1403715294.712143183 1.167036 0.122432 1.174552 0.000000 0.000000 0.000000 1.000000
1403715294.762142897 1.167052 0.122117 1.174084 0.000000 0.000000 0.000000 1.000000
1403715294.812143087 1.167079 0.121961 1.173740 0.000000 0.000000 0.000000 1.000000
1403715294.862143040 1.165309 0.120881 1.176699 0.000000 0.000000 0.000000 1.000000
1403715294.912142992 1.164364 0.120304 1.178249 0.000000 0.000000 0.000000 1.000000
1403715294.962142944 1.163895 0.120006 1.179032 0.000000 0.000000 0.000000 1.000000
1403715295.012143135 1.163696 0.119859 1.179400 0.000000 0.000000 0.000000 1.000000
1403715295.062143087 1.160944 0.120037 1.175529 0.000000 0.000000 0.000000 1.000000
1403715295.112143040 1.159510 0.120150 1.173361 0.000000 0.000000 0.000000 1.000000
1403715295.162142992 1.158802 0.120226 1.172136 0.000000 0.000000 0.000000 1.000000
1403715295.212143183 1.158490 0.120282 1.171422 0.000000 0.000000 0.000000 1.000000
1403715295.262142897 1.158384 0.120329 1.170975 0.000000 0.000000 0.000000 1.000000
1403715295.312143087 1.158385 0.120373 1.170663 0.000000 0.000000 0.000000 1.000000
1403715295.362143040 1.158432 0.120417 1.170406 0.000000 0.000000 0.000000 1.000000
1403715295.412142992 1.158506 0.120460 1.170182 0.000000 0.000000 0.000000 1.000000
1403715295.462142944 1.158601 0.120504 1.169975 0.000000 0.000000 0.000000 1.000000
1403715295.512143135 1.156731 0.117436 1.170429 0.000000 0.000000 0.000000 1.000000
1403715295.562143087 1.155745 0.115766 1.170612 0.000000 0.000000 0.000000 1.000000
1403715295.612143040 1.155240 0.114861 1.170659 0.000000 0.000000 0.000000 1.000000
1403715295.662142992 1.154997 0.114374 1.170643 0.000000 0.000000 0.000000 1.000000
1403715295.712143183 1.154894 0.114116 1.170599 0.000000 0.000000 0.000000 1.000000
1403715295.762142897 1.154870 0.113984 1.170536 0.000000 0.000000 0.000000 1.000000
1403715295.812143087 1.154905 0.113922 1.170464 0.000000 0.000000 0.000000 1.000000
1403715295.862143040 1.154977 0.113899 1.170394 0.000000 0.000000 0.000000 1.000000
1403715295.912142992 1.158752 0.111908 1.169690 0.000000 0.000000 0.000000 1.000000
1403715295.962142944 1.160889 0.110825 1.169272 0.000000 0.000000 0.000000 1.000000
1403715296.012143135 1.162118 0.110241 1.169009 0.000000 0.000000 0.000000 1.000000
1403715296.062143087 1.162847 0.109934 1.168816 0.000000 0.000000 0.000000 1.000000
1403715296.112143040 1.164415 0.105864 1.165947 0.000000 0.000000 0.000000 1.000000
1403715296.162142992 1.164600 0.103725 1.160170 0.000000 0.000000 0.000000 1.000000
1403715296.212143183 1.164718 0.102566 1.156907 0.000000 0.000000 0.000000 1.000000
1403715296.262142897 1.164544 0.102200 1.150606 0.000000 0.000000 0.000000 1.000000
1403715296.312143087 1.162849 0.101723 1.142495 0.000000 0.000000 0.000000 1.000000
1403715296.362143040 1.160533 0.101533 1.133496 0.000000 0.000000 0.000000 1.000000
1403715296.412142992 1.159569 0.101989 1.124889 0.000000 0.000000 0.000000 1.000000
1403715296.462142944 1.157310 0.102343 1.116552 0.000000 0.000000 0.000000 1.000000
1403715296.512143135 1.156091 0.102548 1.111927 0.000000 0.000000 0.000000 1.000000
1403715296.562143087 1.155435 0.102666 1.109361 0.000000 0.000000 0.000000 1.000000
1403715296.612143040 1.155083 0.102736 1.107928 0.000000 0.000000 0.000000 1.000000
1403715296.662142992 1.154930 0.102784 1.107111 0.000000 0.000000 0.000000 1.000000
1403715296.712143183 1.154880 0.102819 1.106637 0.000000 0.000000 0.000000 1.000000
1403715296.762142897 1.154881 0.102844 1.106364 0.000000 0.000000 0.000000 1.000000
1403715296.812143087 1.154885 0.102865 1.106174 0.000000 0.000000 0.000000 1.000000
1403715296.862143040 1.154891 0.102884 1.106021 0.000000 0.000000 0.000000 1.000000
1403715296.912142992 1.154914 0.102904 1.105897 0.000000 0.000000 0.000000 1.000000
1403715296.962142944 1.154955 0.102924 1.105796 0.000000 0.000000 0.000000 1.000000
1403715297.012143135 1.155006 0.102942 1.105711 0.000000 0.000000 0.000000 1.000000
1403715297.062143087 1.155082 0.102967 1.105606 0.000000 0.000000 0.000000 1.000000
1403715297.112143040 1.155180 0.102995 1.105494 0.000000 0.000000 0.000000 1.000000
1403715297.162142992 1.155289 0.103032 1.105339 0.000000 0.000000 0.000000 1.000000
1403715297.212143183 1.155398 0.103073 1.105158 0.000000 0.000000 0.000000 1.000000
1403715297.262142897 1.155522 0.103115 1.104975 0.000000 0.000000 0.000000 1.000000
1403715297.312143087 1.155386 0.099129 1.102398 0.000000 0.000000 0.000000 1.000000
1403715297.362143040 1.155371 0.096954 1.100917 0.000000 0.000000 0.000000 1.000000
1403715297.412142992 1.155410 0.095772 1.100050 0.000000 0.000000 0.000000 1.000000
1403715297.462142944 1.155473 0.095135 1.099526 0.000000 0.000000 0.000000 1.000000
1403715297.512143135 1.155543 0.094795 1.099194 0.000000 0.000000 0.000000 1.000000
1403715297.562143087 1.155612 0.094619 1.098969 0.000000 0.000000 0.000000 1.000000
1403715297.612143040 1.155676 0.094532 1.098797 0.000000 0.000000 0.000000 1.000000
1403715297.662142992 1.155731 0.094495 1.098653 0.000000 0.000000 0.000000 1.000000
1403715297.712143183 1.155783 0.094484 1.098528 0.000000 0.000000 0.000000 1.000000
1403715297.762142897 1.155833 0.094486 1.098419 0.000000 0.000000 0.000000 1.000000
1403715297.812143087 1.155916 0.094485 1.098404 0.000000 0.000000 0.000000 1.000000
1403715297.862143040 1.151564 0.094843 1.096217 0.000000 0.000000 0.000000 1.000000
1403715297.912142992 1.149225 0.095033 1.095100 0.000000 0.000000 0.000000 1.000000
1403715297.962142944 1.143787 0.095037 1.093455 0.000000 0.000000 0.000000 1.000000
1403715298.012143135 1.136792 0.095108 1.090878 0.000000 0.000000 0.000000 1.000000
1403715298.062143087 1.129442 0.096952 1.088284 0.000000 0.000000 0.000000 1.000000
1403715298.112143040 1.121814 0.097753 1.086646 0.000000 0.000000 0.000000 1.000000
1403715298.162142992 1.113220 0.098318 1.085058 0.000000 0.000000 0.000000 1.000000
1403715298.212143183 1.105294 0.101121 1.082914 0.000000 0.000000 0.000000 1.000000
1403715298.262142897 1.096825 0.102316 1.080851 0.000000 0.000000 0.000000 1.000000
1403715298.312143087 1.089084 0.102822 1.077875 0.000000 0.000000 0.000000 1.000000
1403715298.362143040 1.080418 0.102295 1.076610 0.000000 0.000000 0.000000 1.000000
1403715298.412142992 1.075692 0.102013 1.075865 0.000000 0.000000 0.000000 1.000000
1403715298.462142944 1.068257 0.100994 1.075760 0.000000 0.000000 0.000000 1.000000
1403715298.512143135 1.060534 0.099351 1.075222 0.000000 0.000000 0.000000 1.000000
1403715298.562143087 1.055915 0.093950 1.075939 0.000000 0.000000 0.000000 1.000000
1403715298.612143040 1.053394 0.090984 1.076284 0.000000 0.000000 0.000000 1.000000
1403715298.662142992 1.052027 0.089358 1.076432 0.000000 0.000000 0.000000 1.000000
1403715298.712143183 1.051288 0.088466 1.076478 0.000000 0.000000 0.000000 1.000000
1403715298.762142897 1.050866 0.087974 1.076487 0.000000 0.000000 0.000000 1.000000
1403715298.812143087 1.050630 0.087702 1.076499 0.000000 0.000000 0.000000 1.000000
1403715298.862143040 1.050474 0.087547 1.076568 0.000000 0.000000 0.000000 1.000000
1403715298.912142992 1.053131 0.088054 1.079937 0.000000 0.000000 0.000000 1.000000
1403715298.962142944 1.058066 0.088940 1.085222 0.000000 0.000000 0.000000 1.000000
1403715299.012143135 1.063825 0.089236 1.091989 0.000000 0.000000 0.000000 1.000000
1403715299.062143087 1.068719 0.093953 1.096031 0.000000 0.000000 0.000000 1.000000
1403715299.112143040 1.073519 0.099718 1.098444 0.000000 0.000000 0.000000 1.000000
1403715299.162142992 1.076248 0.102904 1.099792 0.000000 0.000000 0.000000 1.000000
1403715299.212143183 1.077839 0.104674 1.100544 0.000000 0.000000 0.000000 1.000000
1403715299.262142897 1.082475 0.106645 1.100558 0.000000 0.000000 0.000000 1.000000
1403715299.312143087 1.085829 0.104066 1.100900 0.000000 0.000000 0.000000 1.000000
1403715299.362143040 1.087665 0.106023 1.100486 0.000000 0.000000 0.000000 1.000000
1403715299.412142992 1.088956 0.111985 1.100757 0.000000 0.000000 0.000000 1.000000
1403715299.462142944 1.089371 0.118813 1.100668 0.000000 0.000000 0.000000 1.000000
1403715299.512143135 1.089414 0.127323 1.100453 0.000000 0.000000 0.000000 1.000000
1403715299.562143087 1.089501 0.136744 1.100495 0.000000 0.000000 0.000000 1.000000
1403715299.612143040 1.089110 0.146782 1.101180 0.000000 0.000000 0.000000 1.000000
1403715299.662142992 1.088157 0.156232 1.102378 0.000000 0.000000 0.000000 1.000000
1403715299.712143183 1.086900 0.166007 1.102501 0.000000 0.000000 0.000000 1.000000
1403715299.762142897 1.085281 0.175107 1.103503 0.000000 0.000000 0.000000 1.000000
1403715299.812143087 1.083341 0.184619 1.104285 0.000000 0.000000 0.000000 1.000000
1403715299.862143040 1.086540 0.192033 1.103594 0.000000 0.000000 0.000000 1.000000
1403715299.912142992 1.086979 0.199022 1.103919 0.000000 0.000000 0.000000 1.000000
1403715299.962142944 1.085665 0.206433 1.105303 0.000000 0.000000 0.000000 1.000000
1403715300.012143135 1.087926 0.212252 1.105430 0.000000 0.000000 0.000000 1.000000
1403715300.062143087 1.087523 0.219117 1.106105 0.000000 0.000000 0.000000 1.000000
1403715300.112143040 1.087398 0.222943 1.106495 0.000000 0.000000 0.000000 1.000000
1403715300.162142992 1.091329 0.227147 1.105547 0.000000 0.000000 0.000000 1.000000
1403715300.212143183 1.090605 0.232191 1.106609 0.000000 0.000000 0.000000 1.000000
1403715300.262142897 1.090250 0.234977 1.107131 0.000000 0.000000 0.000000 1.000000
1403715300.312143087 1.090022 0.236502 1.107471 0.000000 0.000000 0.000000 1.000000
1403715300.362143040 1.093383 0.239627 1.106470 0.000000 0.000000 0.000000 1.000000
1403715300.412142992 1.095190 0.241330 1.105940 0.000000 0.000000 0.000000 1.000000
1403715300.462142944 1.096149 0.242253 1.105663 0.000000 0.000000 0.000000 1.000000
1403715300.512143135 1.096654 0.242750 1.105506 0.000000 0.000000 0.000000 1.000000
1403715300.562143087 1.096921 0.243017 1.105417 0.000000 0.000000 0.000000 1.000000
1403715300.612143040 1.097058 0.243159 1.105363 0.000000 0.000000 0.000000 1.000000
1403715300.662142992 1.097122 0.243230 1.105326 0.000000 0.000000 0.000000 1.000000
1403715300.712143183 1.097143 0.243262 1.105300 0.000000 0.000000 0.000000 1.000000
1403715300.762142897 1.097134 0.243268 1.105279 0.000000 0.000000 0.000000 1.000000
1403715300.812143087 1.097102 0.243256 1.105252 0.000000 0.000000 0.000000 1.000000
1403715300.862143040 1.097057 0.243232 1.105206 0.000000 0.000000 0.000000 1.000000
1403715300.912142992 1.097015 0.243203 1.105137 0.000000 0.000000 0.000000 1.000000
1403715300.962142944 1.096978 0.243173 1.105055 0.000000 0.000000 0.000000 1.000000
1403715301.012143135 1.096945 0.243144 1.104972 0.000000 0.000000 0.000000 1.000000
1403715301.062143087 1.096906 0.243113 1.104890 0.000000 0.000000 0.000000 1.000000
1403715301.112143040 1.096853 0.243075 1.104814 0.000000 0.000000 0.000000 1.000000
1403715301.162142992 1.096806 0.243039 1.104729 0.000000 0.000000 0.000000 1.000000
1403715301.212143183 1.096771 0.243007 1.104636 0.000000 0.000000 0.000000 1.000000
1403715301.262142897 1.096770 0.242991 1.104553 0.000000 0.000000 0.000000 1.000000
1403715301.312143087 1.096793 0.242991 1.104500 0.000000 0.000000 0.000000 1.000000
1403715301.362143040 1.096820 0.242998 1.104472 0.000000 0.000000 0.000000 1.000000
1403715301.412142992 1.096854 0.243010 1.104461 0.000000 0.000000 0.000000 1.000000
1403715301.462142944 1.096893 0.243032 1.104491 0.000000 0.000000 0.000000 1.000000
1403715301.512143135 1.100111 0.243633 1.101752 0.000000 0.000000 0.000000 1.000000
1403715301.562143087 1.101965 0.243994 1.100213 0.000000 0.000000 0.000000 1.000000
1403715301.612143040 1.105717 0.244503 1.096083 0.000000 0.000000 0.000000 1.000000
1403715301.662142992 1.107851 0.244811 1.093790 0.000000 0.000000 0.000000 1.000000
1403715301.712143183 1.111289 0.245044 1.088942 0.000000 0.000000 0.000000 1.000000
1403715301.762142897 1.113218 0.245187 1.086259 0.000000 0.000000 0.000000 1.000000
1403715301.812143087 1.116085 0.241470 1.082224 0.000000 0.000000 0.000000 1.000000
1403715301.862143040 1.117690 0.239437 1.079998 0.000000 0.000000 0.000000 1.000000
1403715301.912142992 1.120157 0.234529 1.077494 0.000000 0.000000 0.000000 1.000000
1403715301.962142944 1.122791 0.227867 1.074998 0.000000 0.000000 0.000000 1.000000
1403715302.012143135 1.126082 0.220192 1.072475 0.000000 0.000000 0.000000 1.000000
1403715302.062143087 1.127916 0.215981 1.071089 0.000000 0.000000 0.000000 1.000000
1403715302.112143040 1.130849 0.209730 1.069197 0.000000 0.000000 0.000000 1.000000
1403715302.162142992 1.132505 0.206308 1.068140 0.000000 0.000000 0.000000 1.000000
1403715302.212143183 1.135788 0.200711 1.066556 0.000000 0.000000 0.000000 1.000000
1403715302.262142897 1.137637 0.197649 1.065673 0.000000 0.000000 0.000000 1.000000
1403715302.312143087 1.138689 0.195979 1.065182 0.000000 0.000000 0.000000 1.000000
1403715302.362143040 1.143245 0.194133 1.066188 0.000000 0.000000 0.000000 1.000000
1403715302.412142992 1.145764 0.193124 1.066750 0.000000 0.000000 0.000000 1.000000
1403715302.462142944 1.147158 0.192578 1.067093 0.000000 0.000000 0.000000 1.000000
1403715302.512143135 1.151124 0.189788 1.068649 0.000000 0.000000 0.000000 1.000000
1403715302.562143087 1.157414 0.189689 1.069373 0.000000 0.000000 0.000000 1.000000
1403715302.612143040 1.164859 0.191023 1.070314 0.000000 0.000000 0.000000 1.000000
1403715302.662142992 1.168981 0.191773 1.070870 0.000000 0.000000 0.000000 1.000000
1403715302.712143183 1.175603 0.191550 1.071519 0.000000 0.000000 0.000000 1.000000
1403715302.762142897 1.179288 0.191450 1.071908 0.000000 0.000000 0.000000 1.000000
1403715302.812143087 1.181373 0.191423 1.072141 0.000000 0.000000 0.000000 1.000000
1403715302.862143040 1.182576 0.191432 1.072261 0.000000 0.000000 0.000000 1.000000
1403715302.912142992 1.183297 0.191463 1.072324 0.000000 0.000000 0.000000 1.000000
1403715302.962142944 1.183752 0.191506 1.072358 0.000000 0.000000 0.000000 1.000000
1403715303.012143135 1.187939 0.193100 1.072229 0.000000 0.000000 0.000000 1.000000
1403715303.062143087 1.194512 0.195248 1.071692 0.000000 0.000000 0.000000 1.000000
1403715303.112143040 1.202571 0.198369 1.070562 0.000000 0.000000 0.000000 1.000000
1403715303.162142992 1.210692 0.201624 1.070785 0.000000 0.000000 0.000000 1.000000
1403715303.212143183 1.218322 0.200225 1.072915 0.000000 0.000000 0.000000 1.000000
1403715303.262142897 1.226546 0.202059 1.075184 0.000000 0.000000 0.000000 1.000000
1403715303.312143087 1.231919 0.199191 1.077033 0.000000 0.000000 0.000000 1.000000
1403715303.362143040 1.238470 0.199298 1.080955 0.000000 0.000000 0.000000 1.000000
1403715303.412142992 1.242198 0.199423 1.083163 0.000000 0.000000 0.000000 1.000000
1403715303.462142944 1.248209 0.202223 1.085412 0.000000 0.000000 0.000000 1.000000
1403715303.512143135 1.254960 0.206271 1.089107 0.000000 0.000000 0.000000 1.000000
1403715303.562143087 1.261696 0.210715 1.093738 0.000000 0.000000 0.000000 1.000000
1403715303.612143040 1.269045 0.215694 1.098407 0.000000 0.000000 0.000000 1.000000
1403715303.662142992 1.275963 0.220658 1.104289 0.000000 0.000000 0.000000 1.000000
1403715303.712143183 1.282573 0.225807 1.109776 0.000000 0.000000 0.000000 1.000000
1403715303.762142897 1.288795 0.230433 1.114597 0.000000 0.000000 0.000000 1.000000
1403715303.812143087 1.295066 0.234263 1.119067 0.000000 0.000000 0.000000 1.000000
1403715303.862143040 1.301802 0.239230 1.123813 0.000000 0.000000 0.000000 1.000000
1403715303.912142992 1.308348 0.244241 1.128145 0.000000 0.000000 0.000000 1.000000
1403715303.962142944 1.314887 0.249737 1.133369 0.000000 0.000000 0.000000 1.000000
1403715304.012143135 1.320723 0.254643 1.138402 0.000000 0.000000 0.000000 1.000000
1403715304.062143087 1.323994 0.257379 1.141223 0.000000 0.000000 0.000000 1.000000
1403715304.112143040 1.329852 0.260904 1.143782 0.000000 0.000000 0.000000 1.000000
1403715304.162142992 1.329901 0.264531 1.143305 0.000000 0.000000 0.000000 1.000000
1403715304.212143183 1.329967 0.266549 1.143069 0.000000 0.000000 0.000000 1.000000
1403715304.262142897 1.330043 0.267676 1.142949 0.000000 0.000000 0.000000 1.000000
1403715304.312143087 1.330122 0.268310 1.142881 0.000000 0.000000 0.000000 1.000000
1403715304.362143040 1.333086 0.269829 1.142216 0.000000 0.000000 0.000000 1.000000
1403715304.412142992 1.334743 0.270670 1.141835 0.000000 0.000000 0.000000 1.000000
1403715304.462142944 1.335665 0.271132 1.141608 0.000000 0.000000 0.000000 1.000000
1403715304.512143135 1.336178 0.271385 1.141472 0.000000 0.000000 0.000000 1.000000
1403715304.562143087 1.336468 0.271522 1.141379 0.000000 0.000000 0.000000 1.000000
1403715304.612143040 1.336635 0.271596 1.141308 0.000000 0.000000 0.000000 1.000000
1403715304.662142992 1.336708 0.271629 1.141269 0.000000 0.000000 0.000000 1.000000
1403715304.712143183 1.336758 0.271642 1.141214 0.000000 0.000000 0.000000 1.000000
1403715304.762142897 1.336812 0.271648 1.141142 0.000000 0.000000 0.000000 1.000000
1403715304.812143087 1.336861 0.271650 1.141070 0.000000 0.000000 0.000000 1.000000
1403715304.862143040 1.336908 0.271650 1.140997 0.000000 0.000000 0.000000 1.000000
1403715304.912142992 1.336952 0.271650 1.140935 0.000000 0.000000 0.000000 1.000000
1403715304.962142944 1.336997 0.271655 1.140887 0.000000 0.000000 0.000000 1.000000
1403715305.012143135 1.337028 0.271662 1.140868 0.000000 0.000000 0.000000 1.000000
1403715305.062143087 1.337050 0.271672 1.140874 0.000000 0.000000 0.000000 1.000000
1403715305.112143040 1.337065 0.271683 1.140895 0.000000 0.000000 0.000000 1.000000
1403715305.162142992 1.337080 0.271697 1.140923 0.000000 0.000000 0.000000 1.000000
1403715305.212143183 1.337101 0.271715 1.140958 0.000000 0.000000 0.000000 1.000000
1403715305.262142897 1.337122 0.271733 1.140997 0.000000 0.000000 0.000000 1.000000
1403715305.312143087 1.337148 0.271752 1.141030 0.000000 0.000000 0.000000 1.000000
1403715305.362143040 1.337180 0.271774 1.141066 0.000000 0.000000 0.000000 1.000000
1403715305.412142992 1.340007 0.269166 1.142968 0.000000 0.000000 0.000000 1.000000
1403715305.462142944 1.341578 0.267744 1.144040 0.000000 0.000000 0.000000 1.000000
1403715305.512143135 1.342451 0.266976 1.144668 0.000000 0.000000 0.000000 1.000000
1403715305.562143087 1.342944 0.266569 1.145053 0.000000 0.000000 0.000000 1.000000
1403715305.612143040 1.343169 0.267120 1.148688 0.000000 0.000000 0.000000 1.000000
1403715305.662142992 1.342494 0.267421 1.155543 0.000000 0.000000 0.000000 1.000000
1403715305.712143183 1.342177 0.264744 1.162246 0.000000 0.000000 0.000000 1.000000
1403715305.762142897 1.341315 0.263549 1.170796 0.000000 0.000000 0.000000 1.000000
1403715305.812143087 1.340838 0.262903 1.175554 0.000000 0.000000 0.000000 1.000000
1403715305.862143040 1.340574 0.262558 1.178217 0.000000 0.000000 0.000000 1.000000
1403715305.912142992 1.340427 0.262376 1.179719 0.000000 0.000000 0.000000 1.000000
1403715305.962142944 1.338388 0.262126 1.184178 0.000000 0.000000 0.000000 1.000000
1403715306.012143135 1.337258 0.261994 1.186667 0.000000 0.000000 0.000000 1.000000
1403715306.062143087 1.336632 0.261924 1.188063 0.000000 0.000000 0.000000 1.000000
1403715306.112143040 1.336283 0.261889 1.188850 0.000000 0.000000 0.000000 1.000000
1403715306.162142992 1.336076 0.261869 1.189308 0.000000 0.000000 0.000000 1.000000
1403715306.212143183 1.335933 0.261855 1.189603 0.000000 0.000000 0.000000 1.000000
1403715306.262142897 1.335815 0.261839 1.189807 0.000000 0.000000 0.000000 1.000000
1403715306.312143087 1.335701 0.261819 1.189966 0.000000 0.000000 0.000000 1.000000
1403715306.362143040 1.335582 0.261793 1.190099 0.000000 0.000000 0.000000 1.000000
1403715306.412142992 1.332519 0.260736 1.193486 0.000000 0.000000 0.000000 1.000000
1403715306.462142944 1.326838 0.259195 1.198056 0.000000 0.000000 0.000000 1.000000
1403715306.512143135 1.323620 0.258308 1.200597 0.000000 0.000000 0.000000 1.000000
1403715306.562143087 1.317527 0.256225 1.203719 0.000000 0.000000 0.000000 1.000000
1403715306.612143040 1.311056 0.253392 1.206083 0.000000 0.000000 0.000000 1.000000
1403715306.662142992 1.303163 0.249666 1.208240 0.000000 0.000000 0.000000 1.000000
1403715306.712143183 1.294710 0.245668 1.208552 0.000000 0.000000 0.000000 1.000000
1403715306.762142897 1.285905 0.241227 1.208054 0.000000 0.000000 0.000000 1.000000
1403715306.812143087 1.276663 0.236654 1.208332 0.000000 0.000000 0.000000 1.000000
1403715306.862143040 1.267292 0.231750 1.208835 0.000000 0.000000 0.000000 1.000000
1403715306.912142992 1.258001 0.226644 1.208451 0.000000 0.000000 0.000000 1.000000
1403715306.962142944 1.249237 0.221755 1.207450 0.000000 0.000000 0.000000 1.000000
1403715307.012143135 1.240766 0.216753 1.205507 0.000000 0.000000 0.000000 1.000000
1403715307.062143087 1.232741 0.211705 1.202773 0.000000 0.000000 0.000000 1.000000
1403715307.112143040 1.225515 0.206835 1.197817 0.000000 0.000000 0.000000 1.000000
1403715307.162142992 1.219305 0.202324 1.191627 0.000000 0.000000 0.000000 1.000000
1403715307.212143183 1.214135 0.197734 1.184786 0.000000 0.000000 0.000000 1.000000
1403715307.262142897 1.209348 0.193363 1.177989 0.000000 0.000000 0.000000 1.000000
1403715307.312143087 1.205244 0.188857 1.170053 0.000000 0.000000 0.000000 1.000000
1403715307.362143040 1.202047 0.185049 1.161045 0.000000 0.000000 0.000000 1.000000
1403715307.412142992 1.200639 0.179848 1.156819 0.000000 0.000000 0.000000 1.000000
1403715307.462142944 1.199243 0.175814 1.149757 0.000000 0.000000 0.000000 1.000000
1403715307.512143135 1.197057 0.172328 1.142459 0.000000 0.000000 0.000000 1.000000
1403715307.562143087 1.196081 0.167300 1.139200 0.000000 0.000000 0.000000 1.000000
1403715307.612143040 1.196044 0.161438 1.138086 0.000000 0.000000 0.000000 1.000000
1403715307.662142992 1.196653 0.155270 1.138582 0.000000 0.000000 0.000000 1.000000
1403715307.712143183 1.196394 0.148327 1.138812 0.000000 0.000000 0.000000 1.000000
1403715307.762142897 1.195011 0.142065 1.137269 0.000000 0.000000 0.000000 1.000000
1403715307.812143087 1.194666 0.135173 1.137120 0.000000 0.000000 0.000000 1.000000
1403715307.862143040 1.194787 0.127427 1.138051 0.000000 0.000000 0.000000 1.000000
1403715307.912142992 1.194970 0.119658 1.138966 0.000000 0.000000 0.000000 1.000000
1403715307.962142944 1.194963 0.111519 1.139825 0.000000 0.000000 0.000000 1.000000
1403715308.012143135 1.191103 0.105775 1.139395 0.000000 0.000000 0.000000 1.000000
1403715308.062143087 1.188712 0.098838 1.139673 0.000000 0.000000 0.000000 1.000000
1403715308.112143040 1.185909 0.090794 1.139288 0.000000 0.000000 0.000000 1.000000
1403715308.162142992 1.184266 0.086349 1.139045 0.000000 0.000000 0.000000 1.000000
1403715308.212143183 1.179586 0.083457 1.135790 0.000000 0.000000 0.000000 1.000000
1403715308.262142897 1.174341 0.080814 1.131305 0.000000 0.000000 0.000000 1.000000
1403715308.312143087 1.172041 0.076921 1.131107 0.000000 0.000000 0.000000 1.000000
1403715308.362143040 1.169161 0.070165 1.130527 0.000000 0.000000 0.000000 1.000000
1403715308.412142992 1.167511 0.066437 1.130195 0.000000 0.000000 0.000000 1.000000
1403715308.462142944 1.165388 0.060645 1.129456 0.000000 0.000000 0.000000 1.000000
1403715308.512143135 1.164185 0.057453 1.129056 0.000000 0.000000 0.000000 1.000000
1403715308.562143087 1.163502 0.055694 1.128842 0.000000 0.000000 0.000000 1.000000
1403715308.612143040 1.163112 0.054723 1.128729 0.000000 0.000000 0.000000 1.000000
1403715308.662142992 1.159377 0.053969 1.129163 0.000000 0.000000 0.000000 1.000000
1403715308.712143183 1.157315 0.053553 1.129403 0.000000 0.000000 0.000000 1.000000
1403715308.762142897 1.156172 0.053322 1.129539 0.000000 0.000000 0.000000 1.000000
1403715308.812143087 1.155544 0.053194 1.129614 0.000000 0.000000 0.000000 1.000000
1403715308.862143040 1.155192 0.053123 1.129658 0.000000 0.000000 0.000000 1.000000
1403715308.912142992 1.154965 0.053346 1.126136 0.000000 0.000000 0.000000 1.000000
1403715308.962142944 1.159026 0.054666 1.123334 0.000000 0.000000 0.000000 1.000000
1403715309.012143135 1.161257 0.055391 1.121830 0.000000 0.000000 0.000000 1.000000
1403715309.062143087 1.162482 0.055789 1.121053 0.000000 0.000000 0.000000 1.000000
1403715309.112143040 1.163155 0.056008 1.120672 0.000000 0.000000 0.000000 1.000000
1403715309.162142992 1.163530 0.056130 1.120509 0.000000 0.000000 0.000000 1.000000
1403715309.212143183 1.166107 0.059608 1.119397 0.000000 0.000000 0.000000 1.000000
1403715309.262142897 1.167511 0.061519 1.118882 0.000000 0.000000 0.000000 1.000000
1403715309.312143087 1.168287 0.062572 1.118687 0.000000 0.000000 0.000000 1.000000
1403715309.362143040 1.168755 0.063161 1.118578 0.000000 0.000000 0.000000 1.000000
1403715309.412142992 1.169025 0.063487 1.118488 0.000000 0.000000 0.000000 1.000000
1403715309.462142944 1.169186 0.063668 1.118402 0.000000 0.000000 0.000000 1.000000
1403715309.512143135 1.169288 0.063770 1.118321 0.000000 0.000000 0.000000 1.000000
1403715309.562143087 1.169354 0.063827 1.118246 0.000000 0.000000 0.000000 1.000000
1403715309.612143040 1.169395 0.063859 1.118177 0.000000 0.000000 0.000000 1.000000
1403715309.662142992 1.169422 0.063877 1.118119 0.000000 0.000000 0.000000 1.000000
1403715309.712143183 1.169438 0.063887 1.118075 0.000000 0.000000 0.000000 1.000000
1403715309.762142897 1.169445 0.063892 1.118043 0.000000 0.000000 0.000000 1.000000
1403715309.812143087 1.169441 0.063893 1.118025 0.000000 0.000000 0.000000 1.000000
1403715309.862143040 1.169427 0.063892 1.118023 0.000000 0.000000 0.000000 1.000000
1403715309.912142992 1.169404 0.063889 1.118037 0.000000 0.000000 0.000000 1.000000
1403715309.962142944 1.169379 0.063885 1.118061 0.000000 0.000000 0.000000 1.000000
1403715310.012143135 1.169343 0.063879 1.118107 0.000000 0.000000 0.000000 1.000000
1403715310.062143087 1.169287 0.063870 1.118182 0.000000 0.000000 0.000000 1.000000
1403715310.112143040 1.169208 0.063856 1.118278 0.000000 0.000000 0.000000 1.000000
1403715310.162142992 1.170182 0.059367 1.118375 0.000000 0.000000 0.000000 1.000000
1403715310.212143183 1.171188 0.052887 1.119441 0.000000 0.000000 0.000000 1.000000
1403715310.262142897 1.171138 0.053202 1.117416 0.000000 0.000000 0.000000 1.000000
1403715310.312143087 1.166306 0.052465 1.116850 0.000000 0.000000 0.000000 1.000000
1403715310.362143040 1.163303 0.055823 1.114198 0.000000 0.000000 0.000000 1.000000
1403715310.412142992 1.161932 0.054119 1.114757 0.000000 0.000000 0.000000 1.000000
1403715310.462142944 1.157393 0.052765 1.114209 0.000000 0.000000 0.000000 1.000000
1403715310.512143135 1.150869 0.052161 1.112528 0.000000 0.000000 0.000000 1.000000
1403715310.562143087 1.143214 0.051827 1.109103 0.000000 0.000000 0.000000 1.000000
1403715310.612143040 1.138315 0.055615 1.105214 0.000000 0.000000 0.000000 1.000000
1403715310.662142992 1.130809 0.057882 1.104091 0.000000 0.000000 0.000000 1.000000
1403715310.712143183 1.121822 0.059349 1.104215 0.000000 0.000000 0.000000 1.000000
1403715310.762142897 1.112063 0.060105 1.105293 0.000000 0.000000 0.000000 1.000000
1403715310.812143087 1.106648 0.060518 1.105871 0.000000 0.000000 0.000000 1.000000
1403715310.862143040 1.100292 0.060160 1.106348 0.000000 0.000000 0.000000 1.000000
1403715310.912142992 1.092661 0.059474 1.107817 0.000000 0.000000 0.000000 1.000000
1403715310.962142944 1.084395 0.058451 1.109668 0.000000 0.000000 0.000000 1.000000
1403715311.012143135 1.076391 0.057107 1.111995 0.000000 0.000000 0.000000 1.000000
1403715311.062143087 1.068384 0.055668 1.114665 0.000000 0.000000 0.000000 1.000000
1403715311.112143040 1.063957 0.054873 1.116138 0.000000 0.000000 0.000000 1.000000
1403715311.162142992 1.061505 0.054433 1.116957 0.000000 0.000000 0.000000 1.000000
1403715311.212143183 1.060140 0.054187 1.117421 0.000000 0.000000 0.000000 1.000000
1403715311.262142897 1.059365 0.054048 1.117682 0.000000 0.000000 0.000000 1.000000
1403715311.312143087 1.058919 0.053968 1.117835 0.000000 0.000000 0.000000 1.000000
1403715311.362143040 1.058647 0.053920 1.117921 0.000000 0.000000 0.000000 1.000000
1403715311.412142992 1.053972 0.054011 1.118932 0.000000 0.000000 0.000000 1.000000
1403715311.462142944 1.047389 0.052870 1.120381 0.000000 0.000000 0.000000 1.000000
1403715311.512143135 1.043730 0.052244 1.121114 0.000000 0.000000 0.000000 1.000000
1403715311.562143087 1.040460 0.056012 1.120172 0.000000 0.000000 0.000000 1.000000
1403715311.612143040 1.038607 0.058080 1.119627 0.000000 0.000000 0.000000 1.000000
1403715311.662142992 1.033516 0.059288 1.119602 0.000000 0.000000 0.000000 1.000000
1403715311.712143183 1.030670 0.059945 1.119595 0.000000 0.000000 0.000000 1.000000
1403715311.762142897 1.024980 0.059814 1.120494 0.000000 0.000000 0.000000 1.000000
1403715311.812143087 1.017938 0.059528 1.122074 0.000000 0.000000 0.000000 1.000000
1403715311.862143040 1.011387 0.062473 1.122059 0.000000 0.000000 0.000000 1.000000
1403715311.912142992 1.003683 0.063801 1.124753 0.000000 0.000000 0.000000 1.000000
1403715311.962142944 0.995696 0.064513 1.124246 0.000000 0.000000 0.000000 1.000000
1403715312.012143135 0.988008 0.065013 1.120314 0.000000 0.000000 0.000000 1.000000
1403715312.062143087 0.982640 0.069107 1.116926 0.000000 0.000000 0.000000 1.000000
1403715312.112143040 0.975122 0.070729 1.116787 0.000000 0.000000 0.000000 1.000000
1403715312.162142992 0.967086 0.071231 1.116982 0.000000 0.000000 0.000000 1.000000
1403715312.212143183 0.958637 0.071230 1.116548 0.000000 0.000000 0.000000 1.000000
1403715312.262142897 0.949541 0.070692 1.117132 0.000000 0.000000 0.000000 1.000000
1403715312.312143087 0.940687 0.069822 1.118737 0.000000 0.000000 0.000000 1.000000
1403715312.362143040 0.935771 0.069334 1.119623 0.000000 0.000000 0.000000 1.000000
1403715312.412142992 0.933020 0.069056 1.120122 0.000000 0.000000 0.000000 1.000000
1403715312.462142944 0.931455 0.068893 1.120412 0.000000 0.000000 0.000000 1.000000
1403715312.512143135 0.930542 0.068792 1.120588 0.000000 0.000000 0.000000 1.000000
1403715312.562143087 0.929990 0.068728 1.120676 0.000000 0.000000 0.000000 1.000000
1403715312.612143040 0.929629 0.068684 1.120719 0.000000 0.000000 0.000000 1.000000
1403715312.662142992 0.925586 0.068501 1.117676 0.000000 0.000000 0.000000 1.000000
1403715312.712143183 0.920824 0.068324 1.113145 0.000000 0.000000 0.000000 1.000000
1403715312.762142897 0.914402 0.067869 1.107551 0.000000 0.000000 0.000000 1.000000
1403715312.812143087 0.910849 0.067616 1.104431 0.000000 0.000000 0.000000 1.000000
1403715312.862143040 0.908846 0.067467 1.102704 0.000000 0.000000 0.000000 1.000000
1403715312.912142992 0.907719 0.067379 1.101792 0.000000 0.000000 0.000000 1.000000
1403715312.962142944 0.907098 0.067328 1.101331 0.000000 0.000000 0.000000 1.000000
1403715313.012143135 0.904703 0.067621 1.098115 0.000000 0.000000 0.000000 1.000000
1403715313.062143087 0.903405 0.067786 1.096351 0.000000 0.000000 0.000000 1.000000
1403715313.112143040 0.902697 0.067877 1.095374 0.000000 0.000000 0.000000 1.000000
1403715313.162142992 0.902314 0.067929 1.094847 0.000000 0.000000 0.000000 1.000000
1403715313.212143183 0.902107 0.067958 1.094576 0.000000 0.000000 0.000000 1.000000
1403715313.262142897 0.901999 0.067975 1.094451 0.000000 0.000000 0.000000 1.000000
1403715313.312143087 0.901950 0.067986 1.094403 0.000000 0.000000 0.000000 1.000000
1403715313.362143040 0.901944 0.067996 1.094383 0.000000 0.000000 0.000000 1.000000
1403715313.412142992 0.901959 0.068006 1.094361 0.000000 0.000000 0.000000 1.000000
1403715313.462142944 0.901960 0.068010 1.094349 0.000000 0.000000 0.000000 1.000000
1403715313.512143135 0.901940 0.068007 1.094343 0.000000 0.000000 0.000000 1.000000
1403715313.562143087 0.901898 0.068000 1.094339 0.000000 0.000000 0.000000 1.000000
1403715313.612143040 0.901839 0.067988 1.094322 0.000000 0.000000 0.000000 1.000000
1403715313.662142992 0.901769 0.067974 1.094306 0.000000 0.000000 0.000000 1.000000
1403715313.712143183 0.901697 0.067959 1.094303 0.000000 0.000000 0.000000 1.000000
1403715313.762142897 0.901636 0.067946 1.094311 0.000000 0.000000 0.000000 1.000000
1403715313.812143087 0.901585 0.067935 1.094331 0.000000 0.000000 0.000000 1.000000
1403715313.862143040 0.901542 0.067926 1.094355 0.000000 0.000000 0.000000 1.000000
1403715313.912142992 0.901507 0.067918 1.094385 0.000000 0.000000 0.000000 1.000000
1403715313.962142944 0.901479 0.067912 1.094420 0.000000 0.000000 0.000000 1.000000
1403715314.012143135 0.901451 0.067905 1.094454 0.000000 0.000000 0.000000 1.000000
1403715314.062143087 0.901408 0.067896 1.094476 0.000000 0.000000 0.000000 1.000000
1403715314.112143040 0.901331 0.067879 1.094472 0.000000 0.000000 0.000000 1.000000
1403715314.162142992 0.901214 0.067853 1.094460 0.000000 0.000000 0.000000 1.000000
1403715314.212143183 0.901062 0.067820 1.094428 0.000000 0.000000 0.000000 1.000000
1403715314.262142897 0.900884 0.067781 1.094398 0.000000 0.000000 0.000000 1.000000
1403715314.312143087 0.900692 0.067739 1.094364 0.000000 0.000000 0.000000 1.000000
1403715314.362143040 0.899063 0.063894 1.095523 0.000000 0.000000 0.000000 1.000000
1403715314.412142992 0.898091 0.061764 1.096165 0.000000 0.000000 0.000000 1.000000
1403715314.462142944 0.897490 0.060577 1.096512 0.000000 0.000000 0.000000 1.000000
1403715314.512143135 0.897109 0.059914 1.096708 0.000000 0.000000 0.000000 1.000000
1403715314.562143087 0.896865 0.059540 1.096823 0.000000 0.000000 0.000000 1.000000
1403715314.612143040 0.896706 0.059329 1.096898 0.000000 0.000000 0.000000 1.000000
1403715314.662142992 0.896602 0.059209 1.096950 0.000000 0.000000 0.000000 1.000000
1403715314.712143183 0.896534 0.059140 1.096985 0.000000 0.000000 0.000000 1.000000
1403715314.762142897 0.896489 0.059100 1.097010 0.000000 0.000000 0.000000 1.000000
1403715314.812143087 0.896458 0.059075 1.097042 0.000000 0.000000 0.000000 1.000000
1403715314.862143040 0.896444 0.059063 1.097066 0.000000 0.000000 0.000000 1.000000
1403715314.912142992 0.896441 0.059056 1.097092 0.000000 0.000000 0.000000 1.000000
1403715314.962142944 0.896449 0.059054 1.097127 0.000000 0.000000 0.000000 1.000000
1403715315.012143135 0.896468 0.059056 1.097172 0.000000 0.000000 0.000000 1.000000
1403715315.062143087 0.896490 0.059058 1.097237 0.000000 0.000000 0.000000 1.000000
1403715315.112143040 0.896524 0.059063 1.097295 0.000000 0.000000 0.000000 1.000000
1403715315.162142992 0.896575 0.059074 1.097335 0.000000 0.000000 0.000000 1.000000
1403715315.212143183 0.896635 0.059088 1.097365 0.000000 0.000000 0.000000 1.000000
1403715315.262142897 0.896695 0.059101 1.097388 0.000000 0.000000 0.000000 1.000000
1403715315.312143087 0.896739 0.059111 1.097407 0.000000 0.000000 0.000000 1.000000
1403715315.362143040 0.896759 0.059116 1.097422 0.000000 0.000000 0.000000 1.000000
1403715315.412142992 0.896760 0.059115 1.097436 0.000000 0.000000 0.000000 1.000000
1403715315.462142944 0.896741 0.059110 1.097454 0.000000 0.000000 0.000000 1.000000
1403715315.512143135 0.896706 0.059100 1.097477 0.000000 0.000000 0.000000 1.000000
1403715315.562143087 0.896663 0.059088 1.097503 0.000000 0.000000 0.000000 1.000000
1403715315.612143040 0.901038 0.060934 1.096324 0.000000 0.000000 0.000000 1.000000
1403715315.662142992 0.903410 0.061940 1.095694 0.000000 0.000000 0.000000 1.000000
1403715315.712143183 0.904684 0.062484 1.095373 0.000000 0.000000 0.000000 1.000000
1403715315.762142897 0.905353 0.062775 1.095222 0.000000 0.000000 0.000000 1.000000
1403715315.812143087 0.905684 0.062923 1.095162 0.000000 0.000000 0.000000 1.000000
1403715315.862143040 0.905814 0.062990 1.095151 0.000000 0.000000 0.000000 1.000000
1403715315.912142992 0.905820 0.063008 1.095156 0.000000 0.000000 0.000000 1.000000
1403715315.962142944 0.905746 0.062995 1.095179 0.000000 0.000000 0.000000 1.000000
1403715316.012143135 0.905621 0.062964 1.095197 0.000000 0.000000 0.000000 1.000000
1403715316.062143087 0.905463 0.062922 1.095206 0.000000 0.000000 0.000000 1.000000
1403715316.112143040 0.901401 0.061701 1.094176 0.000000 0.000000 0.000000 1.000000
1403715316.162142992 0.899068 0.061004 1.093582 0.000000 0.000000 0.000000 1.000000
1403715316.212143183 0.897685 0.060594 1.093219 0.000000 0.000000 0.000000 1.000000
1403715316.262142897 0.897099 0.055742 1.093890 0.000000 0.000000 0.000000 1.000000
1403715316.312143087 0.893050 0.052428 1.091227 0.000000 0.000000 0.000000 1.000000
1403715316.362143040 0.887493 0.049883 1.086213 0.000000 0.000000 0.000000 1.000000
1403715316.412142992 0.884095 0.043740 1.083314 0.000000 0.000000 0.000000 1.000000
1403715316.462142944 0.882153 0.040349 1.081670 0.000000 0.000000 0.000000 1.000000
1403715316.512143135 0.881026 0.038472 1.080751 0.000000 0.000000 0.000000 1.000000
1403715316.562143087 0.879264 0.032868 1.078831 0.000000 0.000000 0.000000 1.000000
1403715316.612143040 0.878268 0.029779 1.077791 0.000000 0.000000 0.000000 1.000000
1403715316.662142992 0.877700 0.028073 1.077241 0.000000 0.000000 0.000000 1.000000
1403715316.712143183 0.877369 0.027129 1.076958 0.000000 0.000000 0.000000 1.000000
1403715316.762142897 0.877161 0.026602 1.076822 0.000000 0.000000 0.000000 1.000000
1403715316.812143087 0.877017 0.026304 1.076762 0.000000 0.000000 0.000000 1.000000
1403715316.862143040 0.876898 0.026129 1.076741 0.000000 0.000000 0.000000 1.000000
1403715316.912142992 0.876787 0.026021 1.076746 0.000000 0.000000 0.000000 1.000000
1403715316.962142944 0.876666 0.025945 1.076769 0.000000 0.000000 0.000000 1.000000
1403715317.012143135 0.876533 0.025884 1.076814 0.000000 0.000000 0.000000 1.000000
1403715317.062143087 0.876391 0.025831 1.076861 0.000000 0.000000 0.000000 1.000000
1403715317.112143040 0.876231 0.025781 1.076895 0.000000 0.000000 0.000000 1.000000
1403715317.162142992 0.876052 0.025730 1.076915 0.000000 0.000000 0.000000 1.000000
1403715317.212143183 0.875858 0.025678 1.076928 0.000000 0.000000 0.000000 1.000000
1403715317.262142897 0.875653 0.025624 1.076930 0.000000 0.000000 0.000000 1.000000
1403715317.312143087 0.875440 0.025567 1.076937 0.000000 0.000000 0.000000 1.000000
1403715317.362143040 0.875227 0.025509 1.076957 0.000000 0.000000 0.000000 1.000000
1403715317.412142992 0.875016 0.025448 1.076998 0.000000 0.000000 0.000000 1.000000
1403715317.462142944 0.874808 0.025386 1.077045 0.000000 0.000000 0.000000 1.000000
1403715317.512143135 0.874604 0.025324 1.077096 0.000000 0.000000 0.000000 1.000000
1403715317.562143087 0.874404 0.025261 1.077152 0.000000 0.000000 0.000000 1.000000
1403715317.612143040 0.870490 0.024451 1.075860 0.000000 0.000000 0.000000 1.000000
1403715317.662142992 0.868261 0.023978 1.075185 0.000000 0.000000 0.000000 1.000000
1403715317.712143183 0.866955 0.023691 1.074847 0.000000 0.000000 0.000000 1.000000
1403715317.762142897 0.866164 0.023506 1.074702 0.000000 0.000000 0.000000 1.000000
1403715317.812143087 0.861244 0.022450 1.072835 0.000000 0.000000 0.000000 1.000000
1403715317.862143040 0.858472 0.021843 1.071857 0.000000 0.000000 0.000000 1.000000
1403715317.912142992 0.856879 0.021481 1.071361 0.000000 0.000000 0.000000 1.000000
1403715317.962142944 0.855930 0.021253 1.071123 0.000000 0.000000 0.000000 1.000000
1403715318.012143135 0.855334 0.021098 1.071025 0.000000 0.000000 0.000000 1.000000
1403715318.062143087 0.856311 0.021732 1.067688 0.000000 0.000000 0.000000 1.000000
1403715318.112143040 0.856801 0.022062 1.065884 0.000000 0.000000 0.000000 1.000000
1403715318.162142992 0.857024 0.022225 1.064916 0.000000 0.000000 0.000000 1.000000
1403715318.212143183 0.857097 0.022297 1.064394 0.000000 0.000000 0.000000 1.000000
1403715318.262142897 0.857097 0.022322 1.064121 0.000000 0.000000 0.000000 1.000000
1403715318.312143087 0.857051 0.022320 1.063968 0.000000 0.000000 0.000000 1.000000
1403715318.362143040 0.856975 0.022303 1.063886 0.000000 0.000000 0.000000 1.000000
1403715318.412142992 0.856876 0.022276 1.063827 0.000000 0.000000 0.000000 1.000000
1403715318.462142944 0.856756 0.022244 1.063762 0.000000 0.000000 0.000000 1.000000
1403715318.512143135 0.856622 0.022210 1.063686 0.000000 0.000000 0.000000 1.000000
1403715318.562143087 0.856473 0.022171 1.063605 0.000000 0.000000 0.000000 1.000000
1403715318.612143040 0.856306 0.022129 1.063510 0.000000 0.000000 0.000000 1.000000
1403715318.662142992 0.857052 0.017921 1.063164 0.000000 0.000000 0.000000 1.000000
1403715318.712143183 0.853664 0.015095 1.060933 0.000000 0.000000 0.000000 1.000000
1403715318.762142897 0.847229 0.013330 1.057902 0.000000 0.000000 0.000000 1.000000
1403715318.812143087 0.842130 0.015754 1.056803 0.000000 0.000000 0.000000 1.000000
1403715318.862143040 0.839237 0.017060 1.056218 0.000000 0.000000 0.000000 1.000000
1403715318.912142992 0.837567 0.017751 1.055925 0.000000 0.000000 0.000000 1.000000
1403715318.962142944 0.836576 0.018106 1.055795 0.000000 0.000000 0.000000 1.000000
1403715319.012143135 0.834373 0.021587 1.056291 0.000000 0.000000 0.000000 1.000000
1403715319.062143087 0.833085 0.023475 1.056609 0.000000 0.000000 0.000000 1.000000
1403715319.112143040 0.829912 0.028162 1.058242 0.000000 0.000000 0.000000 1.000000
1403715319.162142992 0.828085 0.030713 1.059189 0.000000 0.000000 0.000000 1.000000
1403715319.212143183 0.824855 0.035650 1.060802 0.000000 0.000000 0.000000 1.000000
1403715319.262142897 0.821924 0.042880 1.060682 0.000000 0.000000 0.000000 1.000000
1403715319.312143087 0.820227 0.046833 1.060655 0.000000 0.000000 0.000000 1.000000
1403715319.362143040 0.819209 0.048984 1.060678 0.000000 0.000000 0.000000 1.000000
1403715319.412142992 0.815564 0.052094 1.060678 0.000000 0.000000 0.000000 1.000000
1403715319.462142944 0.813492 0.053784 1.060726 0.000000 0.000000 0.000000 1.000000
1403715319.512143135 0.810037 0.057978 1.060633 0.000000 0.000000 0.000000 1.000000
1403715319.562143087 0.804693 0.062190 1.060021 0.000000 0.000000 0.000000 1.000000
1403715319.612143040 0.800028 0.067838 1.058842 0.000000 0.000000 0.000000 1.000000
1403715319.662142992 0.797416 0.070933 1.058215 0.000000 0.000000 0.000000 1.000000
1403715319.712143183 0.795952 0.072628 1.057893 0.000000 0.000000 0.000000 1.000000
1403715319.762142897 0.795129 0.073555 1.057725 0.000000 0.000000 0.000000 1.000000
1403715319.812143087 0.798058 0.074730 1.060900 0.000000 0.000000 0.000000 1.000000
1403715319.862143040 0.802574 0.076008 1.065493 0.000000 0.000000 0.000000 1.000000
1403715319.912142992 0.808976 0.077503 1.070601 0.000000 0.000000 0.000000 1.000000
1403715319.962142944 0.815213 0.078827 1.076059 0.000000 0.000000 0.000000 1.000000
1403715320.012143135 0.821969 0.080215 1.081556 0.000000 0.000000 0.000000 1.000000
1403715320.062143087 0.828961 0.081391 1.088227 0.000000 0.000000 0.000000 1.000000
1403715320.112143040 0.832969 0.086046 1.092630 0.000000 0.000000 0.000000 1.000000
1403715320.162142992 0.837662 0.088932 1.098359 0.000000 0.000000 0.000000 1.000000
1403715320.212143183 0.842107 0.090477 1.106063 0.000000 0.000000 0.000000 1.000000
1403715320.262142897 0.846706 0.091889 1.114688 0.000000 0.000000 0.000000 1.000000
1403715320.312143087 0.849518 0.096515 1.119999 0.000000 0.000000 0.000000 1.000000
1403715320.362143040 0.853484 0.099621 1.127167 0.000000 0.000000 0.000000 1.000000
1403715320.412142992 0.855629 0.101312 1.131197 0.000000 0.000000 0.000000 1.000000
1403715320.462142944 0.857735 0.106419 1.133368 0.000000 0.000000 0.000000 1.000000
1403715320.512143135 0.860816 0.113049 1.133299 0.000000 0.000000 0.000000 1.000000
1403715320.562143087 0.862482 0.116682 1.133336 0.000000 0.000000 0.000000 1.000000
1403715320.612143040 0.863383 0.118668 1.133429 0.000000 0.000000 0.000000 1.000000
1403715320.662142992 0.863868 0.119748 1.133554 0.000000 0.000000 0.000000 1.000000
1403715320.712143183 0.864134 0.120334 1.133689 0.000000 0.000000 0.000000 1.000000
1403715320.762142897 0.864285 0.120647 1.133833 0.000000 0.000000 0.000000 1.000000
1403715320.812143087 0.865631 0.124883 1.132930 0.000000 0.000000 0.000000 1.000000
1403715320.862143040 0.866382 0.127211 1.132465 0.000000 0.000000 0.000000 1.000000
1403715320.912142992 0.866802 0.128489 1.132237 0.000000 0.000000 0.000000 1.000000
1403715320.962142944 0.867039 0.129191 1.132126 0.000000 0.000000 0.000000 1.000000
1403715321.012143135 0.867174 0.129576 1.132080 0.000000 0.000000 0.000000 1.000000
1403715321.062143087 0.867261 0.129790 1.132052 0.000000 0.000000 0.000000 1.000000
1403715321.112143040 0.867315 0.129911 1.132025 0.000000 0.000000 0.000000 1.000000
1403715321.162142992 0.867353 0.129981 1.132003 0.000000 0.000000 0.000000 1.000000
1403715321.212143183 0.867372 0.130020 1.131976 0.000000 0.000000 0.000000 1.000000
1403715321.262142897 0.867384 0.130044 1.131951 0.000000 0.000000 0.000000 1.000000
1403715321.312143087 0.867397 0.130058 1.131940 0.000000 0.000000 0.000000 1.000000
1403715321.362143040 0.867407 0.130066 1.131938 0.000000 0.000000 0.000000 1.000000
1403715321.412142992 0.867421 0.130070 1.131948 0.000000 0.000000 0.000000 1.000000
1403715321.462142944 0.867439 0.130072 1.131970 0.000000 0.000000 0.000000 1.000000
1403715321.512143135 0.867453 0.130072 1.131995 0.000000 0.000000 0.000000 1.000000
1403715321.562143087 0.867450 0.130069 1.132012 0.000000 0.000000 0.000000 1.000000
1403715321.612143040 0.867435 0.130067 1.132008 0.000000 0.000000 0.000000 1.000000
1403715321.662142992 0.867641 0.134831 1.133213 0.000000 0.000000 0.000000 1.000000
1403715321.712143183 0.867754 0.137442 1.133939 0.000000 0.000000 0.000000 1.000000
1403715321.762142897 0.867498 0.137869 1.138221 0.000000 0.000000 0.000000 1.000000
1403715321.812143087 0.865583 0.136856 1.144993 0.000000 0.000000 0.000000 1.000000
1403715321.862143040 0.861693 0.134777 1.152438 0.000000 0.000000 0.000000 1.000000
1403715321.912142992 0.859160 0.129644 1.155645 0.000000 0.000000 0.000000 1.000000
1403715321.962142944 0.855713 0.125547 1.161695 0.000000 0.000000 0.000000 1.000000
1403715322.012143135 0.850848 0.121943 1.168707 0.000000 0.000000 0.000000 1.000000
1403715322.062143087 0.844168 0.118521 1.175032 0.000000 0.000000 0.000000 1.000000
1403715322.112143040 0.835995 0.115323 1.180008 0.000000 0.000000 0.000000 1.000000
1403715322.162142992 0.827352 0.112019 1.184894 0.000000 0.000000 0.000000 1.000000
1403715322.212143183 0.822535 0.106478 1.187303 0.000000 0.000000 0.000000 1.000000
1403715322.262142897 0.816440 0.101690 1.191681 0.000000 0.000000 0.000000 1.000000
1403715322.312143087 0.808972 0.097662 1.196395 0.000000 0.000000 0.000000 1.000000
1403715322.362143040 0.801619 0.093951 1.202370 0.000000 0.000000 0.000000 1.000000
1403715322.412142992 0.794064 0.090595 1.208842 0.000000 0.000000 0.000000 1.000000
1403715322.462142944 0.785615 0.087791 1.214605 0.000000 0.000000 0.000000 1.000000
1403715322.512143135 0.776536 0.085371 1.219724 0.000000 0.000000 0.000000 1.000000
1403715322.562143087 0.767651 0.083269 1.223849 0.000000 0.000000 0.000000 1.000000
1403715322.612143040 0.760059 0.081222 1.227596 0.000000 0.000000 0.000000 1.000000
1403715322.662142992 0.752755 0.079309 1.231033 0.000000 0.000000 0.000000 1.000000
1403715322.712143183 0.744693 0.077774 1.234232 0.000000 0.000000 0.000000 1.000000
1403715322.762142897 0.739189 0.073957 1.236552 0.000000 0.000000 0.000000 1.000000
1403715322.812143087 0.733342 0.071011 1.239636 0.000000 0.000000 0.000000 1.000000
1403715322.862143040 0.726616 0.068273 1.243857 0.000000 0.000000 0.000000 1.000000
1403715322.912142992 0.720294 0.065909 1.248007 0.000000 0.000000 0.000000 1.000000
1403715322.962142944 0.716760 0.064588 1.250331 0.000000 0.000000 0.000000 1.000000
1403715323.012143135 0.713442 0.063218 1.255298 0.000000 0.000000 0.000000 1.000000
1403715323.062143087 0.710104 0.061805 1.261043 0.000000 0.000000 0.000000 1.000000
1403715323.112143040 0.708102 0.065098 1.265737 0.000000 0.000000 0.000000 1.000000
1403715323.162142992 0.706958 0.066892 1.268351 0.000000 0.000000 0.000000 1.000000
1403715323.212143183 0.706284 0.067863 1.269813 0.000000 0.000000 0.000000 1.000000
1403715323.262142897 0.705166 0.071783 1.271343 0.000000 0.000000 0.000000 1.000000
1403715323.312143087 0.701766 0.075105 1.273987 0.000000 0.000000 0.000000 1.000000
1403715323.362143040 0.697592 0.078539 1.277686 0.000000 0.000000 0.000000 1.000000
1403715323.412142992 0.692464 0.081873 1.281492 0.000000 0.000000 0.000000 1.000000
1403715323.462142944 0.689602 0.083691 1.283607 0.000000 0.000000 0.000000 1.000000
1403715323.512143135 0.687990 0.084677 1.284799 0.000000 0.000000 0.000000 1.000000
1403715323.562143087 0.687067 0.085204 1.285484 0.000000 0.000000 0.000000 1.000000
1403715323.612143040 0.688448 0.085988 1.290378 0.000000 0.000000 0.000000 1.000000
1403715323.662142992 0.689123 0.090252 1.294431 0.000000 0.000000 0.000000 1.000000
1403715323.712143183 0.692855 0.093654 1.300095 0.000000 0.000000 0.000000 1.000000
1403715323.762142897 0.697289 0.096374 1.307081 0.000000 0.000000 0.000000 1.000000
1403715323.812143087 0.702482 0.098721 1.314910 0.000000 0.000000 0.000000 1.000000
1403715323.862143040 0.704507 0.103853 1.320815 0.000000 0.000000 0.000000 1.000000
1403715323.912142992 0.706486 0.109307 1.326465 0.000000 0.000000 0.000000 1.000000
1403715323.962142944 0.710977 0.113542 1.332850 0.000000 0.000000 0.000000 1.000000
1403715324.012143135 0.712962 0.118925 1.337907 0.000000 0.000000 0.000000 1.000000
1403715324.062143087 0.714074 0.121890 1.340746 0.000000 0.000000 0.000000 1.000000
1403715324.112143040 0.714669 0.123515 1.342339 0.000000 0.000000 0.000000 1.000000
1403715324.162142992 0.718655 0.126064 1.342229 0.000000 0.000000 0.000000 1.000000
1403715324.212143183 0.725589 0.128357 1.343132 0.000000 0.000000 0.000000 1.000000
1403715324.262142897 0.729431 0.129629 1.343591 0.000000 0.000000 0.000000 1.000000
1403715324.312143087 0.731594 0.130345 1.343842 0.000000 0.000000 0.000000 1.000000
1403715324.362143040 0.736985 0.131998 1.343071 0.000000 0.000000 0.000000 1.000000
1403715324.412142992 0.739799 0.129350 1.341684 0.000000 0.000000 0.000000 1.000000
1403715324.462142944 0.741304 0.127891 1.340827 0.000000 0.000000 0.000000 1.000000
1403715324.512143135 0.742094 0.127087 1.340282 0.000000 0.000000 0.000000 1.000000
1403715324.562143087 0.742507 0.126645 1.339926 0.000000 0.000000 0.000000 1.000000
1403715324.612143040 0.742726 0.126403 1.339702 0.000000 0.000000 0.000000 1.000000
1403715324.662142992 0.742846 0.126272 1.339563 0.000000 0.000000 0.000000 1.000000
1403715324.712143183 0.742929 0.126207 1.339473 0.000000 0.000000 0.000000 1.000000
1403715324.762142897 0.742992 0.126181 1.339390 0.000000 0.000000 0.000000 1.000000
1403715324.812143087 0.743017 0.126172 1.339283 0.000000 0.000000 0.000000 1.000000
1403715324.862143040 0.743029 0.126176 1.339150 0.000000 0.000000 0.000000 1.000000
1403715324.912142992 0.739643 0.128668 1.340676 0.000000 0.000000 0.000000 1.000000
1403715324.962142944 0.737816 0.130046 1.341535 0.000000 0.000000 0.000000 1.000000
1403715325.012143135 0.736848 0.130813 1.342032 0.000000 0.000000 0.000000 1.000000
1403715325.062143087 0.736347 0.131242 1.342328 0.000000 0.000000 0.000000 1.000000
1403715325.112143040 0.736103 0.131484 1.342513 0.000000 0.000000 0.000000 1.000000
1403715325.162142992 0.735989 0.131623 1.342624 0.000000 0.000000 0.000000 1.000000
1403715325.212143183 0.735944 0.131703 1.342690 0.000000 0.000000 0.000000 1.000000
1403715325.262142897 0.735933 0.131752 1.342726 0.000000 0.000000 0.000000 1.000000
1403715325.312143087 0.735941 0.131784 1.342734 0.000000 0.000000 0.000000 1.000000
1403715325.362143040 0.735951 0.131806 1.342708 0.000000 0.000000 0.000000 1.000000
1403715325.412142992 0.735962 0.131825 1.342649 0.000000 0.000000 0.000000 1.000000
1403715325.462142944 0.735960 0.131839 1.342565 0.000000 0.000000 0.000000 1.000000
1403715325.512143135 0.735953 0.131849 1.342472 0.000000 0.000000 0.000000 1.000000
1403715325.562143087 0.735197 0.127644 1.342473 0.000000 0.000000 0.000000 1.000000
1403715325.612143040 0.734804 0.125335 1.342497 0.000000 0.000000 0.000000 1.000000
1403715325.662142992 0.734609 0.124069 1.342535 0.000000 0.000000 0.000000 1.000000
1403715325.712143183 0.734516 0.123375 1.342573 0.000000 0.000000 0.000000 1.000000
1403715325.762142897 0.734472 0.122993 1.342611 0.000000 0.000000 0.000000 1.000000
1403715325.812143087 0.734426 0.122777 1.342622 0.000000 0.000000 0.000000 1.000000
1403715325.862143040 0.734378 0.122653 1.342617 0.000000 0.000000 0.000000 1.000000
1403715325.912142992 0.734325 0.122577 1.342606 0.000000 0.000000 0.000000 1.000000
1403715325.962142944 0.734265 0.122527 1.342588 0.000000 0.000000 0.000000 1.000000
1403715326.012143135 0.734196 0.122488 1.342573 0.000000 0.000000 0.000000 1.000000
1403715326.062143087 0.734117 0.122454 1.342564 0.000000 0.000000 0.000000 1.000000
1403715326.112143040 0.734025 0.122422 1.342547 0.000000 0.000000 0.000000 1.000000
1403715326.162142992 0.733924 0.122389 1.342529 0.000000 0.000000 0.000000 1.000000
1403715326.212143183 0.732405 0.118517 1.341980 0.000000 0.000000 0.000000 1.000000
1403715326.262142897 0.731523 0.116373 1.341685 0.000000 0.000000 0.000000 1.000000
1403715326.312143087 0.726711 0.114206 1.342760 0.000000 0.000000 0.000000 1.000000
1403715326.362143040 0.720629 0.112034 1.344280 0.000000 0.000000 0.000000 1.000000
1403715326.412142992 0.717296 0.110838 1.345176 0.000000 0.000000 0.000000 1.000000
1403715326.462142944 0.715468 0.110179 1.345716 0.000000 0.000000 0.000000 1.000000
1403715326.512143135 0.710905 0.109145 1.346938 0.000000 0.000000 0.000000 1.000000
1403715326.562143087 0.708395 0.108574 1.347646 0.000000 0.000000 0.000000 1.000000
1403715326.612143040 0.707008 0.108256 1.348063 0.000000 0.000000 0.000000 1.000000
1403715326.662142992 0.703110 0.106611 1.348769 0.000000 0.000000 0.000000 1.000000
1403715326.712143183 0.700941 0.105698 1.349167 0.000000 0.000000 0.000000 1.000000
1403715326.762142897 0.696857 0.104154 1.347970 0.000000 0.000000 0.000000 1.000000
1403715326.812143087 0.694568 0.103291 1.347305 0.000000 0.000000 0.000000 1.000000
1403715326.862143040 0.689981 0.101605 1.345685 0.000000 0.000000 0.000000 1.000000
1403715326.912142992 0.687410 0.100662 1.344774 0.000000 0.000000 0.000000 1.000000
1403715326.962142944 0.685964 0.100132 1.344281 0.000000 0.000000 0.000000 1.000000
1403715327.012143135 0.686347 0.095484 1.343726 0.000000 0.000000 0.000000 1.000000
1403715327.062143087 0.686553 0.092925 1.343439 0.000000 0.000000 0.000000 1.000000
1403715327.112143040 0.683286 0.090161 1.343174 0.000000 0.000000 0.000000 1.000000
1403715327.162142992 0.681465 0.088632 1.343039 0.000000 0.000000 0.000000 1.000000
1403715327.212143183 0.680440 0.087781 1.342975 0.000000 0.000000 0.000000 1.000000
1403715327.262142897 0.679852 0.087304 1.342954 0.000000 0.000000 0.000000 1.000000
1403715327.312143087 0.679512 0.087035 1.342960 0.000000 0.000000 0.000000 1.000000
1403715327.362143040 0.678579 0.082682 1.343232 0.000000 0.000000 0.000000 1.000000
1403715327.412142992 0.674920 0.078832 1.345576 0.000000 0.000000 0.000000 1.000000
1403715327.462142944 0.669443 0.074522 1.348369 0.000000 0.000000 0.000000 1.000000
1403715327.512143135 0.666418 0.072146 1.349918 0.000000 0.000000 0.000000 1.000000
1403715327.562143087 0.664744 0.070836 1.350748 0.000000 0.000000 0.000000 1.000000
1403715327.612143040 0.660804 0.068213 1.353380 0.000000 0.000000 0.000000 1.000000
1403715327.662142992 0.658632 0.066770 1.354792 0.000000 0.000000 0.000000 1.000000
1403715327.712143183 0.657438 0.065978 1.355525 0.000000 0.000000 0.000000 1.000000
1403715327.762142897 0.653439 0.063593 1.357116 0.000000 0.000000 0.000000 1.000000
1403715327.812143087 0.652398 0.057581 1.357108 0.000000 0.000000 0.000000 1.000000
1403715327.862143040 0.651848 0.054286 1.357044 0.000000 0.000000 0.000000 1.000000
1403715327.912142992 0.651573 0.052486 1.356951 0.000000 0.000000 0.000000 1.000000
1403715327.962142944 0.652143 0.055992 1.356544 0.000000 0.000000 0.000000 1.000000
1403715328.012143135 0.652483 0.057931 1.356277 0.000000 0.000000 0.000000 1.000000
1403715328.062143087 0.649639 0.057205 1.357767 0.000000 0.000000 0.000000 1.000000
1403715328.112143040 0.648095 0.056813 1.358570 0.000000 0.000000 0.000000 1.000000
1403715328.162142992 0.647263 0.056605 1.359006 0.000000 0.000000 0.000000 1.000000
1403715328.212143183 0.641991 0.055519 1.359526 0.000000 0.000000 0.000000 1.000000
1403715328.262142897 0.636589 0.053550 1.362637 0.000000 0.000000 0.000000 1.000000
1403715328.312143087 0.629410 0.050826 1.365545 0.000000 0.000000 0.000000 1.000000
1403715328.362143040 0.621697 0.047608 1.368295 0.000000 0.000000 0.000000 1.000000
1403715328.412142992 0.615662 0.044541 1.373141 0.000000 0.000000 0.000000 1.000000
1403715328.462142944 0.611038 0.039260 1.376785 0.000000 0.000000 0.000000 1.000000
1403715328.512143135 0.605262 0.034501 1.380650 0.000000 0.000000 0.000000 1.000000
1403715328.562143087 0.602042 0.031866 1.382778 0.000000 0.000000 0.000000 1.000000
1403715328.612143040 0.600231 0.030399 1.383920 0.000000 0.000000 0.000000 1.000000
1403715328.662142992 0.596683 0.028554 1.388625 0.000000 0.000000 0.000000 1.000000
1403715328.712143183 0.596054 0.031613 1.391986 0.000000 0.000000 0.000000 1.000000
1403715328.762142897 0.594183 0.030226 1.396301 0.000000 0.000000 0.000000 1.000000
1403715328.812143087 0.594281 0.024702 1.398158 0.000000 0.000000 0.000000 1.000000
1403715328.862143040 0.594397 0.021691 1.399130 0.000000 0.000000 0.000000 1.000000
1403715328.912142992 0.594539 0.020068 1.399602 0.000000 0.000000 0.000000 1.000000
1403715328.962142944 0.594708 0.019215 1.399785 0.000000 0.000000 0.000000 1.000000
1403715329.012143135 0.594907 0.018791 1.399803 0.000000 0.000000 0.000000 1.000000
1403715329.062143087 0.596845 0.014686 1.398781 0.000000 0.000000 0.000000 1.000000
1403715329.112143040 0.596336 0.016459 1.396808 0.000000 0.000000 0.000000 1.000000
1403715329.162142992 0.598995 0.018686 1.393657 0.000000 0.000000 0.000000 1.000000
1403715329.212143183 0.602801 0.020796 1.389098 0.000000 0.000000 0.000000 1.000000
1403715329.262142897 0.607139 0.022530 1.382742 0.000000 0.000000 0.000000 1.000000
1403715329.312143087 0.609615 0.023526 1.379161 0.000000 0.000000 0.000000 1.000000
1403715329.362143040 0.613990 0.020879 1.377795 0.000000 0.000000 0.000000 1.000000
1403715329.412142992 0.616462 0.019456 1.376991 0.000000 0.000000 0.000000 1.000000
1403715329.462142944 0.617872 0.018697 1.376493 0.000000 0.000000 0.000000 1.000000
1403715329.512143135 0.618684 0.018297 1.376175 0.000000 0.000000 0.000000 1.000000
1403715329.562143087 0.619162 0.018090 1.375958 0.000000 0.000000 0.000000 1.000000
1403715329.612143040 0.619442 0.017984 1.375803 0.000000 0.000000 0.000000 1.000000
1403715329.662142992 0.619611 0.017932 1.375701 0.000000 0.000000 0.000000 1.000000
1403715329.712143183 0.619714 0.017908 1.375638 0.000000 0.000000 0.000000 1.000000
1403715329.762142897 0.619779 0.017900 1.375607 0.000000 0.000000 0.000000 1.000000
1403715329.812143087 0.619820 0.017898 1.375591 0.000000 0.000000 0.000000 1.000000
1403715329.862143040 0.619843 0.017897 1.375583 0.000000 0.000000 0.000000 1.000000
1403715329.912142992 0.619855 0.017897 1.375578 0.000000 0.000000 0.000000 1.000000
1403715329.962142944 0.619858 0.017894 1.375570 0.000000 0.000000 0.000000 1.000000
1403715330.012143135 0.619870 0.017898 1.375557 0.000000 0.000000 0.000000 1.000000
1403715330.062143087 0.619894 0.017908 1.375537 0.000000 0.000000 0.000000 1.000000
1403715330.112143040 0.619917 0.017917 1.375498 0.000000 0.000000 0.000000 1.000000
1403715330.162142992 0.619933 0.017921 1.375442 0.000000 0.000000 0.000000 1.000000
1403715330.212143183 0.619940 0.017920 1.375371 0.000000 0.000000 0.000000 1.000000
1403715330.262142897 0.619937 0.017912 1.375288 0.000000 0.000000 0.000000 1.000000
1403715330.312143087 0.619928 0.017902 1.375206 0.000000 0.000000 0.000000 1.000000
1403715330.362143040 0.619915 0.017889 1.375133 0.000000 0.000000 0.000000 1.000000
1403715330.412142992 0.619906 0.017880 1.375081 0.000000 0.000000 0.000000 1.000000
1403715330.462142944 0.619903 0.017877 1.375059 0.000000 0.000000 0.000000 1.000000
1403715330.512143135 0.619904 0.017878 1.375056 0.000000 0.000000 0.000000 1.000000
1403715330.562143087 0.619905 0.017878 1.375054 0.000000 0.000000 0.000000 1.000000
1403715330.612143040 0.619914 0.017885 1.375081 0.000000 0.000000 0.000000 1.000000
1403715330.662142992 0.619936 0.017901 1.375146 0.000000 0.000000 0.000000 1.000000
1403715330.712143183 0.619965 0.017923 1.375233 0.000000 0.000000 0.000000 1.000000
1403715330.762142897 0.620005 0.017951 1.375325 0.000000 0.000000 0.000000 1.000000
1403715330.812143087 0.620066 0.017989 1.375409 0.000000 0.000000 0.000000 1.000000
1403715330.862143040 0.620149 0.018038 1.375446 0.000000 0.000000 0.000000 1.000000
1403715330.912142992 0.620257 0.018097 1.375444 0.000000 0.000000 0.000000 1.000000
1403715330.962142944 0.620390 0.018168 1.375408 0.000000 0.000000 0.000000 1.000000
1403715331.012143135 0.620541 0.018248 1.375340 0.000000 0.000000 0.000000 1.000000
1403715331.062143087 0.620708 0.018335 1.375248 0.000000 0.000000 0.000000 1.000000
1403715331.112143040 0.620882 0.018424 1.375130 0.000000 0.000000 0.000000 1.000000
1403715331.162142992 0.621042 0.018502 1.374980 0.000000 0.000000 0.000000 1.000000
1403715331.212143183 0.621189 0.018572 1.374828 0.000000 0.000000 0.000000 1.000000
1403715331.262142897 0.621318 0.018632 1.374685 0.000000 0.000000 0.000000 1.000000
1403715331.312143087 0.621422 0.018678 1.374554 0.000000 0.000000 0.000000 1.000000
1403715331.362143040 0.621506 0.018713 1.374441 0.000000 0.000000 0.000000 1.000000
1403715331.412142992 0.621578 0.018742 1.374351 0.000000 0.000000 0.000000 1.000000
1403715331.462142944 0.621648 0.018772 1.374294 0.000000 0.000000 0.000000 1.000000
1403715331.512143135 0.621710 0.018800 1.374254 0.000000 0.000000 0.000000 1.000000
1403715331.562143087 0.621772 0.018829 1.374241 0.000000 0.000000 0.000000 1.000000
1403715331.612143040 0.621821 0.018853 1.374245 0.000000 0.000000 0.000000 1.000000
1403715331.662142992 0.621867 0.018878 1.374270 0.000000 0.000000 0.000000 1.000000
1403715331.712143183 0.621911 0.018903 1.374312 0.000000 0.000000 0.000000 1.000000
1403715331.762142897 0.621907 0.018905 1.374338 0.000000 0.000000 0.000000 1.000000
1403715331.812143087 0.621891 0.018903 1.374385 0.000000 0.000000 0.000000 1.000000
1403715331.862143040 0.621875 0.018903 1.374445 0.000000 0.000000 0.000000 1.000000
1403715331.912142992 0.621853 0.018900 1.374509 0.000000 0.000000 0.000000 1.000000
1403715331.962142944 0.621826 0.018894 1.374562 0.000000 0.000000 0.000000 1.000000
1403715332.012143135 0.621800 0.018888 1.374614 0.000000 0.000000 0.000000 1.000000
1403715332.062143087 0.621755 0.018873 1.374656 0.000000 0.000000 0.000000 1.000000
1403715332.112143040 0.621696 0.018849 1.374691 0.000000 0.000000 0.000000 1.000000
1403715332.162142992 0.621640 0.018827 1.374730 0.000000 0.000000 0.000000 1.000000
1403715332.212143183 0.621596 0.018812 1.374778 0.000000 0.000000 0.000000 1.000000
1403715332.262142897 0.621568 0.018805 1.374838 0.000000 0.000000 0.000000 1.000000
1403715332.312143087 0.621551 0.018803 1.374900 0.000000 0.000000 0.000000 1.000000
1403715332.362143040 0.621542 0.018804 1.374944 0.000000 0.000000 0.000000 1.000000
1403715332.412142992 0.621539 0.018804 1.374959 0.000000 0.000000 0.000000 1.000000
1403715332.462142944 0.621534 0.018800 1.374947 0.000000 0.000000 0.000000 1.000000
1403715332.512143135 0.621526 0.018794 1.374920 0.000000 0.000000 0.000000 1.000000
1403715332.562143087 0.621512 0.018784 1.374883 0.000000 0.000000 0.000000 1.000000
1403715332.612143040 0.621490 0.018772 1.374871 0.000000 0.000000 0.000000 1.000000
1403715332.662142992 0.621468 0.018763 1.374888 0.000000 0.000000 0.000000 1.000000
1403715332.712143183 0.621444 0.018755 1.374925 0.000000 0.000000 0.000000 1.000000
1403715332.762142897 0.617924 0.020785 1.373579 0.000000 0.000000 0.000000 1.000000
1403715332.812143087 0.612997 0.020879 1.374731 0.000000 0.000000 0.000000 1.000000
1403715332.862143040 0.610284 0.020925 1.375340 0.000000 0.000000 0.000000 1.000000
1403715332.912142992 0.605544 0.023411 1.374819 0.000000 0.000000 0.000000 1.000000
1403715332.962142944 0.600314 0.027569 1.373520 0.000000 0.000000 0.000000 1.000000
1403715333.012143135 0.594322 0.032380 1.370563 0.000000 0.000000 0.000000 1.000000
1403715333.062143087 0.591069 0.035059 1.369005 0.000000 0.000000 0.000000 1.000000
1403715333.112143040 0.589311 0.036556 1.368198 0.000000 0.000000 0.000000 1.000000
1403715333.162142992 0.588364 0.037394 1.367787 0.000000 0.000000 0.000000 1.000000
1403715333.212143183 0.583685 0.036326 1.368047 0.000000 0.000000 0.000000 1.000000
1403715333.262142897 0.577723 0.035156 1.369746 0.000000 0.000000 0.000000 1.000000
1403715333.312143087 0.571305 0.034086 1.372882 0.000000 0.000000 0.000000 1.000000
1403715333.362143040 0.564183 0.032701 1.376687 0.000000 0.000000 0.000000 1.000000
1403715333.412142992 0.556425 0.031113 1.380865 0.000000 0.000000 0.000000 1.000000
1403715333.462142944 0.548141 0.029229 1.385228 0.000000 0.000000 0.000000 1.000000
1403715333.512143135 0.539849 0.026652 1.388803 0.000000 0.000000 0.000000 1.000000
1403715333.562143087 0.531245 0.023482 1.391450 0.000000 0.000000 0.000000 1.000000
1403715333.612143040 0.522482 0.019556 1.392560 0.000000 0.000000 0.000000 1.000000
1403715333.662142992 0.513939 0.015898 1.394878 0.000000 0.000000 0.000000 1.000000
1403715333.712143183 0.509204 0.013860 1.396118 0.000000 0.000000 0.000000 1.000000
1403715333.762142897 0.503566 0.011482 1.399193 0.000000 0.000000 0.000000 1.000000
1403715333.812143087 0.497056 0.008199 1.403831 0.000000 0.000000 0.000000 1.000000
1403715333.862143040 0.493467 0.006380 1.406329 0.000000 0.000000 0.000000 1.000000
1403715333.912142992 0.491506 0.005381 1.407660 0.000000 0.000000 0.000000 1.000000
1403715333.962142944 0.490443 0.004836 1.408368 0.000000 0.000000 0.000000 1.000000
1403715334.012143135 0.489879 0.004546 1.408744 0.000000 0.000000 0.000000 1.000000
1403715334.062143087 0.489595 0.004398 1.408935 0.000000 0.000000 0.000000 1.000000
1403715334.112143040 0.489462 0.004328 1.409030 0.000000 0.000000 0.000000 1.000000
1403715334.162142992 0.489406 0.004296 1.409068 0.000000 0.000000 0.000000 1.000000
1403715334.212143183 0.489389 0.004284 1.409078 0.000000 0.000000 0.000000 1.000000
1403715334.262142897 0.489387 0.004280 1.409073 0.000000 0.000000 0.000000 1.000000
1403715334.312143087 0.485454 0.002843 1.409959 0.000000 0.000000 0.000000 1.000000
1403715334.362143040 0.483297 0.002054 1.410439 0.000000 0.000000 0.000000 1.000000
1403715334.412142992 0.478410 -0.000284 1.410600 0.000000 0.000000 0.000000 1.000000
1403715334.462142944 0.475711 -0.001575 1.410698 0.000000 0.000000 0.000000 1.000000
1403715334.512143135 0.470517 -0.003767 1.411588 0.000000 0.000000 0.000000 1.000000
1403715334.562143087 0.463984 -0.006957 1.412295 0.000000 0.000000 0.000000 1.000000
1403715334.612143040 0.460371 -0.008724 1.412678 0.000000 0.000000 0.000000 1.000000
1403715334.662142992 0.454132 -0.011632 1.412721 0.000000 0.000000 0.000000 1.000000
1403715334.712143183 0.446895 -0.014921 1.414477 0.000000 0.000000 0.000000 1.000000
1403715334.762142897 0.438556 -0.018496 1.416707 0.000000 0.000000 0.000000 1.000000
1403715334.812143087 0.430096 -0.022363 1.419329 0.000000 0.000000 0.000000 1.000000
1403715334.862143040 0.421360 -0.026042 1.422288 0.000000 0.000000 0.000000 1.000000
1403715334.912142992 0.413284 -0.029880 1.424965 0.000000 0.000000 0.000000 1.000000
1403715334.962142944 0.404366 -0.033661 1.426277 0.000000 0.000000 0.000000 1.000000
1403715335.012143135 0.395969 -0.037475 1.427796 0.000000 0.000000 0.000000 1.000000
1403715335.062143087 0.396117 -0.040721 1.429043 0.000000 0.000000 0.000000 1.000000
1403715335.112143040 0.393040 -0.043839 1.429864 0.000000 0.000000 0.000000 1.000000
1403715335.162142992 0.387630 -0.047521 1.430428 0.000000 0.000000 0.000000 1.000000
1403715335.212143183 0.380983 -0.050598 1.431938 0.000000 0.000000 0.000000 1.000000
1403715335.262142897 0.377313 -0.052301 1.432759 0.000000 0.000000 0.000000 1.000000
1403715335.312143087 0.371932 -0.054824 1.434047 0.000000 0.000000 0.000000 1.000000
1403715335.362143040 0.368975 -0.056211 1.434751 0.000000 0.000000 0.000000 1.000000
1403715335.412142992 0.367359 -0.056969 1.435131 0.000000 0.000000 0.000000 1.000000
1403715335.462142944 0.366484 -0.057380 1.435335 0.000000 0.000000 0.000000 1.000000
1403715335.512143135 0.366014 -0.057598 1.435448 0.000000 0.000000 0.000000 1.000000
1403715335.562143087 0.362355 -0.059069 1.437233 0.000000 0.000000 0.000000 1.000000
1403715335.612143040 0.360350 -0.059873 1.438221 0.000000 0.000000 0.000000 1.000000
1403715335.662142992 0.355314 -0.060103 1.438942 0.000000 0.000000 0.000000 1.000000
1403715335.712143183 0.348923 -0.061925 1.440307 0.000000 0.000000 0.000000 1.000000
1403715335.762142897 0.345434 -0.062914 1.441047 0.000000 0.000000 0.000000 1.000000
1403715335.812143087 0.343535 -0.063448 1.441439 0.000000 0.000000 0.000000 1.000000
1403715335.862143040 0.338662 -0.061723 1.442415 0.000000 0.000000 0.000000 1.000000
1403715335.912142992 0.332119 -0.060367 1.443407 0.000000 0.000000 0.000000 1.000000
1403715335.962142944 0.324101 -0.057672 1.444276 0.000000 0.000000 0.000000 1.000000
1403715336.012143135 0.315933 -0.058189 1.445474 0.000000 0.000000 0.000000 1.000000
1403715336.062143087 0.307899 -0.060129 1.446953 0.000000 0.000000 0.000000 1.000000
1403715336.112143040 0.303481 -0.061188 1.447795 0.000000 0.000000 0.000000 1.000000
1403715336.162142992 0.301053 -0.061759 1.448286 0.000000 0.000000 0.000000 1.000000
1403715336.212143183 0.296163 -0.063614 1.450371 0.000000 0.000000 0.000000 1.000000
1403715336.262142897 0.290069 -0.066492 1.452118 0.000000 0.000000 0.000000 1.000000
1403715336.312143087 0.286709 -0.068086 1.453059 0.000000 0.000000 0.000000 1.000000
1403715336.362143040 0.281452 -0.071010 1.453893 0.000000 0.000000 0.000000 1.000000
1403715336.412142992 0.274576 -0.074441 1.456010 0.000000 0.000000 0.000000 1.000000
1403715336.462142944 0.266908 -0.078401 1.457226 0.000000 0.000000 0.000000 1.000000
1403715336.512143135 0.259353 -0.082571 1.458476 0.000000 0.000000 0.000000 1.000000
1403715336.562143087 0.251828 -0.087013 1.459403 0.000000 0.000000 0.000000 1.000000
1403715336.612143040 0.244442 -0.091143 1.461438 0.000000 0.000000 0.000000 1.000000
1403715336.662142992 0.236668 -0.095017 1.462916 0.000000 0.000000 0.000000 1.000000
1403715336.712143183 0.229037 -0.098990 1.463967 0.000000 0.000000 0.000000 1.000000
1403715336.762142897 0.220611 -0.102677 1.465782 0.000000 0.000000 0.000000 1.000000
1403715336.812143087 0.212525 -0.106676 1.467708 0.000000 0.000000 0.000000 1.000000
1403715336.862143040 0.208057 -0.108890 1.468771 0.000000 0.000000 0.000000 1.000000
1403715336.912142992 0.202447 -0.111706 1.470977 0.000000 0.000000 0.000000 1.000000
1403715336.962142944 0.195346 -0.114680 1.474052 0.000000 0.000000 0.000000 1.000000
1403715337.012143135 0.188272 -0.118009 1.477242 0.000000 0.000000 0.000000 1.000000
1403715337.062143087 0.181244 -0.121305 1.480765 0.000000 0.000000 0.000000 1.000000
1403715337.112143040 0.174114 -0.124886 1.484318 0.000000 0.000000 0.000000 1.000000
1403715337.162142992 0.170211 -0.126848 1.486251 0.000000 0.000000 0.000000 1.000000
1403715337.212143183 0.168091 -0.127913 1.487298 0.000000 0.000000 0.000000 1.000000
1403715337.262142897 0.170198 -0.126224 1.486420 0.000000 0.000000 0.000000 1.000000
1403715337.312143087 0.171404 -0.125265 1.485925 0.000000 0.000000 0.000000 1.000000
1403715337.362143040 0.172112 -0.124708 1.485643 0.000000 0.000000 0.000000 1.000000
1403715337.412142992 0.172541 -0.124372 1.485487 0.000000 0.000000 0.000000 1.000000
1403715337.462142944 0.169943 -0.124923 1.488208 0.000000 0.000000 0.000000 1.000000
1403715337.512143135 0.164849 -0.123616 1.491032 0.000000 0.000000 0.000000 1.000000
1403715337.562143087 0.159028 -0.123974 1.495679 0.000000 0.000000 0.000000 1.000000
1403715337.612143040 0.152127 -0.123048 1.499591 0.000000 0.000000 0.000000 1.000000
1403715337.662142992 0.148357 -0.122523 1.501732 0.000000 0.000000 0.000000 1.000000
1403715337.712143183 0.142727 -0.124030 1.504679 0.000000 0.000000 0.000000 1.000000
1403715337.762142897 0.135274 -0.124329 1.507470 0.000000 0.000000 0.000000 1.000000
1403715337.812143087 0.127416 -0.126466 1.510525 0.000000 0.000000 0.000000 1.000000
1403715337.862143040 0.119122 -0.129651 1.514103 0.000000 0.000000 0.000000 1.000000
1403715337.912142992 0.110573 -0.133419 1.518131 0.000000 0.000000 0.000000 1.000000
1403715337.962142944 0.102084 -0.137116 1.522573 0.000000 0.000000 0.000000 1.000000
1403715338.012143135 0.093567 -0.141037 1.526966 0.000000 0.000000 0.000000 1.000000
1403715338.062143087 0.084995 -0.145101 1.531356 0.000000 0.000000 0.000000 1.000000
1403715338.112143040 0.076674 -0.149152 1.535489 0.000000 0.000000 0.000000 1.000000
1403715338.162142992 0.068575 -0.150471 1.538695 0.000000 0.000000 0.000000 1.000000
1403715338.212143183 0.060207 -0.153293 1.542579 0.000000 0.000000 0.000000 1.000000
1403715338.262142897 0.052030 -0.154484 1.545633 0.000000 0.000000 0.000000 1.000000
1403715338.312143087 0.047517 -0.155152 1.547310 0.000000 0.000000 0.000000 1.000000
1403715338.362143040 0.045020 -0.155534 1.548228 0.000000 0.000000 0.000000 1.000000
1403715338.412142992 0.043619 -0.155770 1.548722 0.000000 0.000000 0.000000 1.000000
1403715338.462142944 0.039348 -0.157984 1.550298 0.000000 0.000000 0.000000 1.000000
1403715338.512143135 0.034302 -0.157396 1.551129 0.000000 0.000000 0.000000 1.000000
1403715338.562143087 0.028612 -0.155172 1.551600 0.000000 0.000000 0.000000 1.000000
1403715338.612143040 0.022025 -0.152688 1.552445 0.000000 0.000000 0.000000 1.000000
1403715338.662142992 0.021133 -0.149192 1.551877 0.000000 0.000000 0.000000 1.000000
1403715338.712143183 0.020689 -0.147239 1.551546 0.000000 0.000000 0.000000 1.000000
1403715338.762142897 0.017738 -0.143145 1.550268 0.000000 0.000000 0.000000 1.000000
1403715338.812143087 0.012395 -0.142960 1.550865 0.000000 0.000000 0.000000 1.000000
1403715338.862143040 0.009478 -0.142847 1.551180 0.000000 0.000000 0.000000 1.000000
1403715338.912142992 0.004134 -0.145039 1.552407 0.000000 0.000000 0.000000 1.000000
1403715338.962142944 -0.003020 -0.148741 1.553544 0.000000 0.000000 0.000000 1.000000
1403715339.012143135 -0.009907 -0.148160 1.553214 0.000000 0.000000 0.000000 1.000000
1403715339.062143087 -0.017752 -0.149785 1.553534 0.000000 0.000000 0.000000 1.000000
1403715339.112143040 -0.025477 -0.152710 1.554143 0.000000 0.000000 0.000000 1.000000
1403715339.162142992 -0.033638 -0.156545 1.554278 0.000000 0.000000 0.000000 1.000000
1403715339.212143183 -0.038130 -0.158670 1.554329 0.000000 0.000000 0.000000 1.000000
1403715339.262142897 -0.043633 -0.158299 1.552560 0.000000 0.000000 0.000000 1.000000
1403715339.312143087 -0.046687 -0.158112 1.551595 0.000000 0.000000 0.000000 1.000000
1403715339.362143040 -0.050903 -0.154428 1.549856 0.000000 0.000000 0.000000 1.000000
1403715339.412142992 -0.053253 -0.152423 1.548907 0.000000 0.000000 0.000000 1.000000
1403715339.462142944 -0.057723 -0.152945 1.548872 0.000000 0.000000 0.000000 1.000000
1403715339.512143135 -0.062715 -0.151083 1.547364 0.000000 0.000000 0.000000 1.000000
1403715339.562143087 -0.065494 -0.150089 1.546529 0.000000 0.000000 0.000000 1.000000
1403715339.612143040 -0.069155 -0.146633 1.544912 0.000000 0.000000 0.000000 1.000000
1403715339.662142992 -0.073699 -0.141785 1.542281 0.000000 0.000000 0.000000 1.000000
1403715339.712143183 -0.078512 -0.135766 1.539445 0.000000 0.000000 0.000000 1.000000
1403715339.762142897 -0.084119 -0.134796 1.536741 0.000000 0.000000 0.000000 1.000000
1403715339.812143087 -0.090778 -0.131737 1.533008 0.000000 0.000000 0.000000 1.000000
1403715339.862143040 -0.097206 -0.132209 1.529575 0.000000 0.000000 0.000000 1.000000
1403715339.912142992 -0.100748 -0.132488 1.527655 0.000000 0.000000 0.000000 1.000000
1403715339.962142944 -0.104922 -0.134791 1.524330 0.000000 0.000000 0.000000 1.000000
1403715340.012143135 -0.107204 -0.136060 1.522479 0.000000 0.000000 0.000000 1.000000
1403715340.062143087 -0.108434 -0.136752 1.521438 0.000000 0.000000 0.000000 1.000000
1403715340.112143040 -0.109062 -0.137110 1.520852 0.000000 0.000000 0.000000 1.000000
1403715340.162142992 -0.110509 -0.133681 1.518636 0.000000 0.000000 0.000000 1.000000
1403715340.212143183 -0.111969 -0.127169 1.515878 0.000000 0.000000 0.000000 1.000000
1403715340.262142897 -0.112703 -0.123515 1.514410 0.000000 0.000000 0.000000 1.000000
1403715340.312143087 -0.114467 -0.118549 1.511370 0.000000 0.000000 0.000000 1.000000
1403715340.362143040 -0.111718 -0.112635 1.510193 0.000000 0.000000 0.000000 1.000000
1403715340.412142992 -0.106731 -0.106053 1.510570 0.000000 0.000000 0.000000 1.000000
1403715340.462142944 -0.103877 -0.102345 1.510792 0.000000 0.000000 0.000000 1.000000
1403715340.512143135 -0.103401 -0.097438 1.508543 0.000000 0.000000 0.000000 1.000000
1403715340.562143087 -0.104174 -0.091806 1.504945 0.000000 0.000000 0.000000 1.000000
1403715340.612143040 -0.106140 -0.085945 1.500904 0.000000 0.000000 0.000000 1.000000
1403715340.662142992 -0.108578 -0.080252 1.496422 0.000000 0.000000 0.000000 1.000000
1403715340.712143183 -0.111499 -0.073146 1.493858 0.000000 0.000000 0.000000 1.000000
1403715340.762142897 -0.114189 -0.065628 1.492913 0.000000 0.000000 0.000000 1.000000
1403715340.812143087 -0.115637 -0.061473 1.492383 0.000000 0.000000 0.000000 1.000000
1403715340.862143040 -0.116453 -0.059188 1.492115 0.000000 0.000000 0.000000 1.000000
1403715340.912142992 -0.116921 -0.057937 1.491984 0.000000 0.000000 0.000000 1.000000
1403715340.962142944 -0.117190 -0.057258 1.491915 0.000000 0.000000 0.000000 1.000000
1403715341.012143135 -0.117350 -0.056893 1.491878 0.000000 0.000000 0.000000 1.000000
1403715341.062143087 -0.117460 -0.056710 1.491861 0.000000 0.000000 0.000000 1.000000
1403715341.112143040 -0.117546 -0.056639 1.491843 0.000000 0.000000 0.000000 1.000000
1403715341.162142992 -0.120911 -0.057340 1.494364 0.000000 0.000000 0.000000 1.000000
1403715341.212143183 -0.125524 -0.057744 1.498519 0.000000 0.000000 0.000000 1.000000
1403715341.262142897 -0.131605 -0.056473 1.502001 0.000000 0.000000 0.000000 1.000000
1403715341.312143087 -0.138656 -0.054266 1.504372 0.000000 0.000000 0.000000 1.000000
1403715341.362143040 -0.146179 -0.051763 1.506498 0.000000 0.000000 0.000000 1.000000
1403715341.412142992 -0.154228 -0.049219 1.508760 0.000000 0.000000 0.000000 1.000000
1403715341.462142944 -0.161415 -0.044954 1.509151 0.000000 0.000000 0.000000 1.000000
1403715341.512143135 -0.168606 -0.040195 1.508953 0.000000 0.000000 0.000000 1.000000
1403715341.562143087 -0.172580 -0.037610 1.508819 0.000000 0.000000 0.000000 1.000000
1403715341.612143040 -0.174792 -0.036225 1.508725 0.000000 0.000000 0.000000 1.000000
1403715341.662142992 -0.179398 -0.032484 1.508489 0.000000 0.000000 0.000000 1.000000
1403715341.712143183 -0.181947 -0.030462 1.508327 0.000000 0.000000 0.000000 1.000000
1403715341.762142897 -0.183348 -0.029366 1.508215 0.000000 0.000000 0.000000 1.000000
1403715341.812143087 -0.184116 -0.028774 1.508134 0.000000 0.000000 0.000000 1.000000
1403715341.862143040 -0.184534 -0.028458 1.508072 0.000000 0.000000 0.000000 1.000000
1403715341.912142992 -0.184779 -0.028298 1.508035 0.000000 0.000000 0.000000 1.000000
1403715341.962142944 -0.184940 -0.028218 1.508031 0.000000 0.000000 0.000000 1.000000
1403715342.012143135 -0.185061 -0.028182 1.508052 0.000000 0.000000 0.000000 1.000000
1403715342.062143087 -0.185121 -0.028184 1.508025 0.000000 0.000000 0.000000 1.000000
1403715342.112143040 -0.185957 -0.023989 1.506774 0.000000 0.000000 0.000000 1.000000
1403715342.162142992 -0.186421 -0.021712 1.506048 0.000000 0.000000 0.000000 1.000000
1403715342.212143183 -0.186651 -0.020461 1.505616 0.000000 0.000000 0.000000 1.000000
1403715342.262142897 -0.186749 -0.019766 1.505355 0.000000 0.000000 0.000000 1.000000
1403715342.312143087 -0.186769 -0.019361 1.505205 0.000000 0.000000 0.000000 1.000000
1403715342.362143040 -0.186741 -0.019123 1.505097 0.000000 0.000000 0.000000 1.000000
1403715342.412142992 -0.186676 -0.018970 1.505011 0.000000 0.000000 0.000000 1.000000
1403715342.462142944 -0.186346 -0.014943 1.503993 0.000000 0.000000 0.000000 1.000000
1403715342.512143135 -0.186097 -0.012698 1.503396 0.000000 0.000000 0.000000 1.000000
1403715342.562143087 -0.185887 -0.011435 1.503029 0.000000 0.000000 0.000000 1.000000
1403715342.612143040 -0.185488 -0.007999 1.505689 0.000000 0.000000 0.000000 1.000000
1403715342.662142992 -0.185178 -0.006067 1.507118 0.000000 0.000000 0.000000 1.000000
1403715342.712143183 -0.185659 -0.001257 1.509314 0.000000 0.000000 0.000000 1.000000
1403715342.762142897 -0.186105 0.005611 1.511802 0.000000 0.000000 0.000000 1.000000
1403715342.812143087 -0.187099 0.011906 1.516809 0.000000 0.000000 0.000000 1.000000
1403715342.862143040 -0.188100 0.018285 1.523499 0.000000 0.000000 0.000000 1.000000
1403715342.912142992 -0.190656 0.024967 1.528470 0.000000 0.000000 0.000000 1.000000
1403715342.962142944 -0.195356 0.030005 1.528839 0.000000 0.000000 0.000000 1.000000
1403715343.012143135 -0.197902 0.032834 1.529080 0.000000 0.000000 0.000000 1.000000
1403715343.062143087 -0.200949 0.038096 1.529878 0.000000 0.000000 0.000000 1.000000
1403715343.112143040 -0.202588 0.040998 1.530289 0.000000 0.000000 0.000000 1.000000
1403715343.162142992 -0.206731 0.044165 1.527165 0.000000 0.000000 0.000000 1.000000
1403715343.212143183 -0.210820 0.049514 1.525562 0.000000 0.000000 0.000000 1.000000
1403715343.262142897 -0.213367 0.056406 1.524494 0.000000 0.000000 0.000000 1.000000
1403715343.312143087 -0.214752 0.060184 1.523876 0.000000 0.000000 0.000000 1.000000
1403715343.362143040 -0.215501 0.062242 1.523500 0.000000 0.000000 0.000000 1.000000
1403715343.412142992 -0.216335 0.067770 1.522977 0.000000 0.000000 0.000000 1.000000
1403715343.462142944 -0.218174 0.074782 1.522317 0.000000 0.000000 0.000000 1.000000
1403715343.512143135 -0.220719 0.082484 1.522037 0.000000 0.000000 0.000000 1.000000
1403715343.562143087 -0.224238 0.090431 1.520995 0.000000 0.000000 0.000000 1.000000
1403715343.612143040 -0.228025 0.098768 1.519753 0.000000 0.000000 0.000000 1.000000
1403715343.662142992 -0.231996 0.107221 1.518040 0.000000 0.000000 0.000000 1.000000
1403715343.712143183 -0.236353 0.115872 1.516537 0.000000 0.000000 0.000000 1.000000
1403715343.762142897 -0.242040 0.124247 1.515170 0.000000 0.000000 0.000000 1.000000
1403715343.812143087 -0.247358 0.132994 1.513413 0.000000 0.000000 0.000000 1.000000
1403715343.862143040 -0.252014 0.142067 1.512271 0.000000 0.000000 0.000000 1.000000
1403715343.912142992 -0.254925 0.151518 1.511520 0.000000 0.000000 0.000000 1.000000
1403715343.962142944 -0.257648 0.161151 1.511736 0.000000 0.000000 0.000000 1.000000
1403715344.012143135 -0.260109 0.170745 1.512423 0.000000 0.000000 0.000000 1.000000
1403715344.062143087 -0.261392 0.180414 1.513721 0.000000 0.000000 0.000000 1.000000
1403715344.112143040 -0.260704 0.189367 1.517185 0.000000 0.000000 0.000000 1.000000
1403715344.162142992 -0.258138 0.198056 1.521380 0.000000 0.000000 0.000000 1.000000
1403715344.212143183 -0.255371 0.206270 1.526252 0.000000 0.000000 0.000000 1.000000
1403715344.262142897 -0.255295 0.214406 1.530548 0.000000 0.000000 0.000000 1.000000
1403715344.312143087 -0.255413 0.222715 1.533728 0.000000 0.000000 0.000000 1.000000
1403715344.362143040 -0.252973 0.230341 1.536664 0.000000 0.000000 0.000000 1.000000
1403715344.412142992 -0.254067 0.235569 1.535851 0.000000 0.000000 0.000000 1.000000
1403715344.462142944 -0.253320 0.241855 1.538046 0.000000 0.000000 0.000000 1.000000
1403715344.512143135 -0.251833 0.248497 1.541650 0.000000 0.000000 0.000000 1.000000
1403715344.562143087 -0.249100 0.255656 1.546004 0.000000 0.000000 0.000000 1.000000
1403715344.612143040 -0.247520 0.259613 1.548368 0.000000 0.000000 0.000000 1.000000
1403715344.662142992 -0.248389 0.262063 1.546352 0.000000 0.000000 0.000000 1.000000
1403715344.712143183 -0.249959 0.263627 1.541558 0.000000 0.000000 0.000000 1.000000
1403715344.762142897 -0.250750 0.264494 1.538877 0.000000 0.000000 0.000000 1.000000
1403715344.812143087 -0.248500 0.264341 1.541478 0.000000 0.000000 0.000000 1.000000
1403715344.862143040 -0.245168 0.267882 1.545189 0.000000 0.000000 0.000000 1.000000
1403715344.912142992 -0.240742 0.273361 1.549077 0.000000 0.000000 0.000000 1.000000
1403715344.962142944 -0.235994 0.280164 1.552702 0.000000 0.000000 0.000000 1.000000
1403715345.012143135 -0.231305 0.288044 1.556359 0.000000 0.000000 0.000000 1.000000
1403715345.062143087 -0.225802 0.295885 1.560031 0.000000 0.000000 0.000000 1.000000
1403715345.112143040 -0.220962 0.303772 1.563980 0.000000 0.000000 0.000000 1.000000
1403715345.162142992 -0.216185 0.312139 1.568021 0.000000 0.000000 0.000000 1.000000
1403715345.212143183 -0.211325 0.320037 1.571813 0.000000 0.000000 0.000000 1.000000
1403715345.262142897 -0.205821 0.328198 1.575173 0.000000 0.000000 0.000000 1.000000
1403715345.312143087 -0.199487 0.336128 1.577293 0.000000 0.000000 0.000000 1.000000
1403715345.362143040 -0.192772 0.344063 1.579388 0.000000 0.000000 0.000000 1.000000
1403715345.412142992 -0.186044 0.352034 1.581948 0.000000 0.000000 0.000000 1.000000
1403715345.462142944 -0.179861 0.359246 1.584235 0.000000 0.000000 0.000000 1.000000
1403715345.512143135 -0.174456 0.366598 1.587647 0.000000 0.000000 0.000000 1.000000
1403715345.562143087 -0.168341 0.374200 1.590813 0.000000 0.000000 0.000000 1.000000
1403715345.612143040 -0.162203 0.380725 1.593273 0.000000 0.000000 0.000000 1.000000
1403715345.662142992 -0.156888 0.386843 1.596573 0.000000 0.000000 0.000000 1.000000
1403715345.712143183 -0.150991 0.393451 1.599993 0.000000 0.000000 0.000000 1.000000
1403715345.762142897 -0.143907 0.400150 1.602122 0.000000 0.000000 0.000000 1.000000
1403715345.812143087 -0.137319 0.406004 1.604039 0.000000 0.000000 0.000000 1.000000
1403715345.862143040 -0.130106 0.411920 1.606545 0.000000 0.000000 0.000000 1.000000
1403715345.912142992 -0.123254 0.417600 1.608719 0.000000 0.000000 0.000000 1.000000
1403715345.962142944 -0.116197 0.424086 1.611362 0.000000 0.000000 0.000000 1.000000
1403715346.012143135 -0.108356 0.429746 1.612443 0.000000 0.000000 0.000000 1.000000
1403715346.062143087 -0.099827 0.435382 1.612794 0.000000 0.000000 0.000000 1.000000
1403715346.112143040 -0.092157 0.439831 1.613401 0.000000 0.000000 0.000000 1.000000
1403715346.162142992 -0.086301 0.440195 1.616042 0.000000 0.000000 0.000000 1.000000
1403715346.212143183 -0.078939 0.443000 1.616970 0.000000 0.000000 0.000000 1.000000
1403715346.262142897 -0.071305 0.446688 1.617004 0.000000 0.000000 0.000000 1.000000
1403715346.312143087 -0.063458 0.450659 1.616528 0.000000 0.000000 0.000000 1.000000
1403715346.362143040 -0.057048 0.451121 1.618733 0.000000 0.000000 0.000000 1.000000
1403715346.412142992 -0.053522 0.451405 1.619992 0.000000 0.000000 0.000000 1.000000
1403715346.462142944 -0.051295 0.453744 1.624159 0.000000 0.000000 0.000000 1.000000
1403715346.512143135 -0.047858 0.457237 1.627183 0.000000 0.000000 0.000000 1.000000
1403715346.562143087 -0.043532 0.461217 1.629238 0.000000 0.000000 0.000000 1.000000
1403715346.612143040 -0.040519 0.466132 1.634414 0.000000 0.000000 0.000000 1.000000
1403715346.662142992 -0.036519 0.471241 1.639232 0.000000 0.000000 0.000000 1.000000
1403715346.712143183 -0.031436 0.476186 1.642232 0.000000 0.000000 0.000000 1.000000
1403715346.762142897 -0.025657 0.480787 1.643875 0.000000 0.000000 0.000000 1.000000
1403715346.812143087 -0.018782 0.486530 1.645253 0.000000 0.000000 0.000000 1.000000
1403715346.862143040 -0.011084 0.491429 1.645587 0.000000 0.000000 0.000000 1.000000
1403715346.912142992 -0.002745 0.496298 1.645647 0.000000 0.000000 0.000000 1.000000
1403715346.962142944 0.004376 0.500957 1.646429 0.000000 0.000000 0.000000 1.000000
1403715347.012143135 0.008328 0.503545 1.646876 0.000000 0.000000 0.000000 1.000000
1403715347.062143087 0.014846 0.506270 1.645383 0.000000 0.000000 0.000000 1.000000
1403715347.112143040 0.018457 0.507778 1.644560 0.000000 0.000000 0.000000 1.000000
1403715347.162142992 0.020476 0.508621 1.644104 0.000000 0.000000 0.000000 1.000000
1403715347.212143183 0.023316 0.510948 1.646252 0.000000 0.000000 0.000000 1.000000
1403715347.262142897 0.024938 0.512260 1.647444 0.000000 0.000000 0.000000 1.000000
1403715347.312143087 0.029004 0.515195 1.649398 0.000000 0.000000 0.000000 1.000000
1403715347.362143040 0.031614 0.514279 1.653072 0.000000 0.000000 0.000000 1.000000
1403715347.412142992 0.035534 0.516847 1.658027 0.000000 0.000000 0.000000 1.000000
1403715347.462142944 0.040082 0.520684 1.663339 0.000000 0.000000 0.000000 1.000000
1403715347.512143135 0.045111 0.524877 1.667998 0.000000 0.000000 0.000000 1.000000
1403715347.562143087 0.050076 0.528921 1.672124 0.000000 0.000000 0.000000 1.000000
1403715347.612143040 0.052603 0.534363 1.672371 0.000000 0.000000 0.000000 1.000000
1403715347.662142992 0.054604 0.534900 1.674563 0.000000 0.000000 0.000000 1.000000
1403715347.712143183 0.058251 0.537135 1.677198 0.000000 0.000000 0.000000 1.000000
1403715347.762142897 0.063708 0.540052 1.678808 0.000000 0.000000 0.000000 1.000000
1403715347.812143087 0.070420 0.544230 1.680820 0.000000 0.000000 0.000000 1.000000
1403715347.862143040 0.076981 0.548777 1.682837 0.000000 0.000000 0.000000 1.000000
1403715347.912142992 0.083410 0.554126 1.685700 0.000000 0.000000 0.000000 1.000000
1403715347.962142944 0.091218 0.559310 1.687861 0.000000 0.000000 0.000000 1.000000
1403715348.012143135 0.099400 0.564393 1.689779 0.000000 0.000000 0.000000 1.000000
1403715348.062143087 0.107852 0.568825 1.690774 0.000000 0.000000 0.000000 1.000000
1403715348.112143040 0.115989 0.573701 1.692485 0.000000 0.000000 0.000000 1.000000
1403715348.162142992 0.124278 0.578823 1.694128 0.000000 0.000000 0.000000 1.000000
1403715348.212143183 0.133182 0.583938 1.695272 0.000000 0.000000 0.000000 1.000000
1403715348.262142897 0.142478 0.588261 1.695418 0.000000 0.000000 0.000000 1.000000
1403715348.312143087 0.147227 0.593829 1.694128 0.000000 0.000000 0.000000 1.000000
1403715348.362143040 0.152779 0.598312 1.693749 0.000000 0.000000 0.000000 1.000000
1403715348.412142992 0.155494 0.603394 1.690693 0.000000 0.000000 0.000000 1.000000
1403715348.462142944 0.157064 0.606212 1.688997 0.000000 0.000000 0.000000 1.000000
1403715348.512143135 0.157986 0.607776 1.688049 0.000000 0.000000 0.000000 1.000000
1403715348.562143087 0.160558 0.610778 1.689241 0.000000 0.000000 0.000000 1.000000
1403715348.612143040 0.162024 0.612450 1.689899 0.000000 0.000000 0.000000 1.000000
1403715348.662142992 0.162841 0.613406 1.690309 0.000000 0.000000 0.000000 1.000000
1403715348.712143183 0.163310 0.613962 1.690570 0.000000 0.000000 0.000000 1.000000
1403715348.762142897 0.163599 0.614258 1.690679 0.000000 0.000000 0.000000 1.000000
1403715348.812143087 0.163795 0.614422 1.690716 0.000000 0.000000 0.000000 1.000000
1403715348.862143040 0.163939 0.614515 1.690720 0.000000 0.000000 0.000000 1.000000
1403715348.912142992 0.164046 0.614565 1.690701 0.000000 0.000000 0.000000 1.000000
1403715348.962142944 0.164125 0.614588 1.690671 0.000000 0.000000 0.000000 1.000000
1403715349.012143135 0.164178 0.614597 1.690644 0.000000 0.000000 0.000000 1.000000
1403715349.062143087 0.164215 0.614599 1.690619 0.000000 0.000000 0.000000 1.000000
1403715349.112143040 0.164251 0.614596 1.690589 0.000000 0.000000 0.000000 1.000000
1403715349.162142992 0.164284 0.614590 1.690560 0.000000 0.000000 0.000000 1.000000
1403715349.212143183 0.164318 0.614581 1.690526 0.000000 0.000000 0.000000 1.000000
1403715349.262142897 0.164349 0.614571 1.690492 0.000000 0.000000 0.000000 1.000000
1403715349.312143087 0.164360 0.614550 1.690454 0.000000 0.000000 0.000000 1.000000
1403715349.362143040 0.164374 0.614528 1.690413 0.000000 0.000000 0.000000 1.000000
1403715349.412142992 0.164384 0.614495 1.690357 0.000000 0.000000 0.000000 1.000000
1403715349.462142944 0.164395 0.614455 1.690291 0.000000 0.000000 0.000000 1.000000
1403715349.512143135 0.162159 0.612775 1.688175 0.000000 0.000000 0.000000 1.000000
1403715349.562143087 0.160950 0.611831 1.686973 0.000000 0.000000 0.000000 1.000000
1403715349.612143040 0.160310 0.611301 1.686283 0.000000 0.000000 0.000000 1.000000
1403715349.662142992 0.159986 0.611004 1.685883 0.000000 0.000000 0.000000 1.000000
1403715349.712143183 0.159853 0.610840 1.685643 0.000000 0.000000 0.000000 1.000000
1403715349.762142897 0.156124 0.608730 1.684589 0.000000 0.000000 0.000000 1.000000
1403715349.812143087 0.150155 0.605456 1.683699 0.000000 0.000000 0.000000 1.000000
1403715349.862143040 0.146931 0.603676 1.683214 0.000000 0.000000 0.000000 1.000000
1403715349.912142992 0.145216 0.602717 1.682951 0.000000 0.000000 0.000000 1.000000
1403715349.962142944 0.144336 0.602212 1.682810 0.000000 0.000000 0.000000 1.000000
1403715350.012143135 0.143911 0.601951 1.682734 0.000000 0.000000 0.000000 1.000000
1403715350.062143087 0.143724 0.601820 1.682693 0.000000 0.000000 0.000000 1.000000
1403715350.112143040 0.143687 0.601753 1.682650 0.000000 0.000000 0.000000 1.000000
1403715350.162142992 0.143730 0.601718 1.682607 0.000000 0.000000 0.000000 1.000000
1403715350.212143183 0.143815 0.601695 1.682555 0.000000 0.000000 0.000000 1.000000
1403715350.262142897 0.143935 0.601667 1.682477 0.000000 0.000000 0.000000 1.000000
1403715350.312143087 0.144065 0.601634 1.682386 0.000000 0.000000 0.000000 1.000000
1403715350.362143040 0.144193 0.601592 1.682284 0.000000 0.000000 0.000000 1.000000
1403715350.412142992 0.143259 0.604382 1.678317 0.000000 0.000000 0.000000 1.000000
1403715350.462142944 0.142782 0.605892 1.676087 0.000000 0.000000 0.000000 1.000000
1403715350.512143135 0.141883 0.609732 1.671191 0.000000 0.000000 0.000000 1.000000
1403715350.562143087 0.141399 0.611821 1.668459 0.000000 0.000000 0.000000 1.000000
1403715350.612143040 0.141119 0.612955 1.666935 0.000000 0.000000 0.000000 1.000000
1403715350.662142992 0.140949 0.613570 1.666088 0.000000 0.000000 0.000000 1.000000
1403715350.712143183 0.140842 0.613906 1.665622 0.000000 0.000000 0.000000 1.000000
1403715350.762142897 0.140774 0.614089 1.665364 0.000000 0.000000 0.000000 1.000000
1403715350.812143087 0.140719 0.614187 1.665223 0.000000 0.000000 0.000000 1.000000
1403715350.862143040 0.140670 0.614231 1.665134 0.000000 0.000000 0.000000 1.000000
1403715350.912142992 0.140645 0.614242 1.665064 0.000000 0.000000 0.000000 1.000000
1403715350.962142944 0.140627 0.614234 1.665004 0.000000 0.000000 0.000000 1.000000
1403715351.012143135 0.140618 0.614220 1.664957 0.000000 0.000000 0.000000 1.000000
1403715351.062143087 0.140616 0.614208 1.664923 0.000000 0.000000 0.000000 1.000000
1403715351.112143040 0.140612 0.614193 1.664891 0.000000 0.000000 0.000000 1.000000
1403715351.162142992 0.140599 0.614176 1.664863 0.000000 0.000000 0.000000 1.000000
1403715351.212143183 0.140583 0.614157 1.664833 0.000000 0.000000 0.000000 1.000000
1403715351.262142897 0.140565 0.614135 1.664801 0.000000 0.000000 0.000000 1.000000
1403715351.312143087 0.140500 0.614134 1.664814 0.000000 0.000000 0.000000 1.000000
1403715351.362143040 0.140414 0.614136 1.664837 0.000000 0.000000 0.000000 1.000000
1403715351.412142992 0.140310 0.614142 1.664872 0.000000 0.000000 0.000000 1.000000
1403715351.462142944 0.139903 0.614737 1.660406 0.000000 0.000000 0.000000 1.000000
1403715351.512143135 0.139639 0.615051 1.657940 0.000000 0.000000 0.000000 1.000000
1403715351.562143087 0.143690 0.617277 1.658129 0.000000 0.000000 0.000000 1.000000
1403715351.612143040 0.144743 0.621014 1.655470 0.000000 0.000000 0.000000 1.000000
1403715351.662142992 0.145275 0.623084 1.654037 0.000000 0.000000 0.000000 1.000000
1403715351.712143183 0.145612 0.624225 1.653244 0.000000 0.000000 0.000000 1.000000
1403715351.762142897 0.148645 0.628179 1.652488 0.000000 0.000000 0.000000 1.000000
1403715351.812143087 0.151264 0.633530 1.649046 0.000000 0.000000 0.000000 1.000000
1403715351.862143040 0.156743 0.638735 1.648824 0.000000 0.000000 0.000000 1.000000
1403715351.912142992 0.160128 0.644429 1.645441 0.000000 0.000000 0.000000 1.000000
1403715351.962142944 0.162108 0.650235 1.640242 0.000000 0.000000 0.000000 1.000000
1403715352.012143135 0.163710 0.656129 1.634240 0.000000 0.000000 0.000000 1.000000
1403715352.062143087 0.168788 0.661661 1.632101 0.000000 0.000000 0.000000 1.000000
1403715352.112143040 0.171692 0.666825 1.628257 0.000000 0.000000 0.000000 1.000000
1403715352.162142992 0.176130 0.672832 1.628571 0.000000 0.000000 0.000000 1.000000
1403715352.212143183 0.181255 0.679282 1.631211 0.000000 0.000000 0.000000 1.000000
1403715352.262142897 0.185583 0.685512 1.634930 0.000000 0.000000 0.000000 1.000000
1403715352.312143087 0.188029 0.688977 1.637002 0.000000 0.000000 0.000000 1.000000
1403715352.362143040 0.189420 0.690924 1.638176 0.000000 0.000000 0.000000 1.000000
1403715352.412142992 0.192137 0.694441 1.640791 0.000000 0.000000 0.000000 1.000000
1403715352.462142944 0.193581 0.696407 1.642287 0.000000 0.000000 0.000000 1.000000
1403715352.512143135 0.194322 0.697514 1.643162 0.000000 0.000000 0.000000 1.000000
1403715352.562143087 0.194694 0.698144 1.643683 0.000000 0.000000 0.000000 1.000000
1403715352.612143040 0.194943 0.698485 1.643946 0.000000 0.000000 0.000000 1.000000
1403715352.662142992 0.195110 0.698661 1.644063 0.000000 0.000000 0.000000 1.000000
1403715352.712143183 0.195166 0.698725 1.644102 0.000000 0.000000 0.000000 1.000000
1403715352.762142897 0.195205 0.698724 1.644074 0.000000 0.000000 0.000000 1.000000
1403715352.812143087 0.198201 0.700025 1.644355 0.000000 0.000000 0.000000 1.000000
1403715352.862143040 0.199815 0.700712 1.644487 0.000000 0.000000 0.000000 1.000000
1403715352.912142992 0.200713 0.701071 1.644533 0.000000 0.000000 0.000000 1.000000
1403715352.962142944 0.201171 0.701266 1.644566 0.000000 0.000000 0.000000 1.000000
1403715353.012143135 0.201387 0.701373 1.644596 0.000000 0.000000 0.000000 1.000000
1403715353.062143087 0.201479 0.701422 1.644608 0.000000 0.000000 0.000000 1.000000
1403715353.112143040 0.201545 0.701440 1.644600 0.000000 0.000000 0.000000 1.000000
1403715353.162142992 0.201598 0.701444 1.644582 0.000000 0.000000 0.000000 1.000000
1403715353.212143183 0.204479 0.703201 1.645375 0.000000 0.000000 0.000000 1.000000
1403715353.262142897 0.206078 0.704189 1.645832 0.000000 0.000000 0.000000 1.000000
1403715353.312143087 0.206964 0.704753 1.646106 0.000000 0.000000 0.000000 1.000000
1403715353.362143040 0.207469 0.705082 1.646275 0.000000 0.000000 0.000000 1.000000
1403715353.412142992 0.207774 0.705275 1.646374 0.000000 0.000000 0.000000 1.000000
1403715353.462142944 0.207967 0.705398 1.646441 0.000000 0.000000 0.000000 1.000000
1403715353.512143135 0.208096 0.705475 1.646482 0.000000 0.000000 0.000000 1.000000
1403715353.562143087 0.208186 0.705519 1.646501 0.000000 0.000000 0.000000 1.000000
1403715353.612143040 0.208262 0.705547 1.646510 0.000000 0.000000 0.000000 1.000000
1403715353.662142992 0.208323 0.705562 1.646509 0.000000 0.000000 0.000000 1.000000
1403715353.712143183 0.208375 0.705569 1.646502 0.000000 0.000000 0.000000 1.000000
1403715353.762142897 0.208426 0.705572 1.646491 0.000000 0.000000 0.000000 1.000000
1403715353.812143087 0.208475 0.705573 1.646480 0.000000 0.000000 0.000000 1.000000
1403715353.862143040 0.208526 0.705574 1.646467 0.000000 0.000000 0.000000 1.000000
1403715353.912142992 0.208581 0.705580 1.646460 0.000000 0.000000 0.000000 1.000000
1403715353.962142944 0.208641 0.705583 1.646447 0.000000 0.000000 0.000000 1.000000
1403715354.012143135 0.208709 0.705583 1.646431 0.000000 0.000000 0.000000 1.000000
1403715354.062143087 0.208804 0.705581 1.646403 0.000000 0.000000 0.000000 1.000000
1403715354.112143040 0.208810 0.705615 1.646443 0.000000 0.000000 0.000000 1.000000
1403715354.162142992 0.208762 0.705664 1.646516 0.000000 0.000000 0.000000 1.000000
1403715354.212143183 0.208704 0.705721 1.646602 0.000000 0.000000 0.000000 1.000000
1403715354.262142897 0.208706 0.705740 1.646623 0.000000 0.000000 0.000000 1.000000
1403715354.312143087 0.208725 0.705745 1.646623 0.000000 0.000000 0.000000 1.000000
1403715354.362143040 0.208753 0.705741 1.646608 0.000000 0.000000 0.000000 1.000000
1403715354.412142992 0.208785 0.705731 1.646586 0.000000 0.000000 0.000000 1.000000
1403715354.462142944 0.208819 0.705720 1.646561 0.000000 0.000000 0.000000 1.000000
1403715354.512143135 0.208847 0.705709 1.646539 0.000000 0.000000 0.000000 1.000000
1403715354.562143087 0.208866 0.705699 1.646522 0.000000 0.000000 0.000000 1.000000
1403715354.612143040 0.208873 0.705689 1.646507 0.000000 0.000000 0.000000 1.000000
1403715354.662142992 0.208873 0.705679 1.646494 0.000000 0.000000 0.000000 1.000000
1403715354.712143183 0.208864 0.705670 1.646486 0.000000 0.000000 0.000000 1.000000
1403715354.762142897 0.208843 0.705662 1.646483 0.000000 0.000000 0.000000 1.000000
1403715354.812143087 0.208818 0.705656 1.646483 0.000000 0.000000 0.000000 1.000000
1403715354.862143040 0.208775 0.705653 1.646492 0.000000 0.000000 0.000000 1.000000
1403715354.912142992 0.208719 0.705663 1.646521 0.000000 0.000000 0.000000 1.000000
1403715354.962142944 0.208654 0.705683 1.646563 0.000000 0.000000 0.000000 1.000000
1403715355.012143135 0.208580 0.705711 1.646620 0.000000 0.000000 0.000000 1.000000
1403715355.062143087 0.208512 0.705743 1.646679 0.000000 0.000000 0.000000 1.000000
1403715355.112143040 0.208490 0.705786 1.646737 0.000000 0.000000 0.000000 1.000000
1403715355.162142992 0.208512 0.705837 1.646792 0.000000 0.000000 0.000000 1.000000
1403715355.212143183 0.208566 0.705888 1.646837 0.000000 0.000000 0.000000 1.000000
1403715355.262142897 0.208652 0.705947 1.646883 0.000000 0.000000 0.000000 1.000000
1403715355.312143087 0.208766 0.706003 1.646919 0.000000 0.000000 0.000000 1.000000
1403715355.362143040 0.208902 0.706065 1.646957 0.000000 0.000000 0.000000 1.000000
1403715355.412142992 0.207995 0.708791 1.650155 0.000000 0.000000 0.000000 1.000000
1403715355.462142944 0.207578 0.710346 1.651964 0.000000 0.000000 0.000000 1.000000
1403715355.512143135 0.211037 0.713480 1.654567 0.000000 0.000000 0.000000 1.000000
1403715355.562143087 0.213024 0.715257 1.656048 0.000000 0.000000 0.000000 1.000000
1403715355.612143040 0.214203 0.716283 1.656907 0.000000 0.000000 0.000000 1.000000
1403715355.662142992 0.214938 0.716882 1.657407 0.000000 0.000000 0.000000 1.000000
1403715355.712143183 0.215419 0.717238 1.657705 0.000000 0.000000 0.000000 1.000000
1403715355.762142897 0.217052 0.720241 1.660578 0.000000 0.000000 0.000000 1.000000
1403715355.812143087 0.218002 0.721902 1.662164 0.000000 0.000000 0.000000 1.000000
1403715355.862143040 0.218564 0.722819 1.663038 0.000000 0.000000 0.000000 1.000000
1403715355.912142992 0.218909 0.723325 1.663519 0.000000 0.000000 0.000000 1.000000
1403715355.962142944 0.219128 0.723598 1.663775 0.000000 0.000000 0.000000 1.000000
1403715356.012143135 0.219281 0.723735 1.663898 0.000000 0.000000 0.000000 1.000000
1403715356.062143087 0.219399 0.723790 1.663941 0.000000 0.000000 0.000000 1.000000
1403715356.112143040 0.219491 0.723791 1.663928 0.000000 0.000000 0.000000 1.000000
1403715356.162142992 0.219554 0.723758 1.663879 0.000000 0.000000 0.000000 1.000000
1403715356.212143183 0.219566 0.723710 1.663817 0.000000 0.000000 0.000000 1.000000
1403715356.262142897 0.219546 0.723666 1.663759 0.000000 0.000000 0.000000 1.000000
1403715356.312143087 0.219522 0.723625 1.663707 0.000000 0.000000 0.000000 1.000000
1403715356.362143040 0.219500 0.723591 1.663665 0.000000 0.000000 0.000000 1.000000
1403715356.412142992 0.219476 0.723561 1.663626 0.000000 0.000000 0.000000 1.000000
1403715356.462142944 0.219441 0.723535 1.663593 0.000000 0.000000 0.000000 1.000000
1403715356.512143135 0.219376 0.723519 1.663573 0.000000 0.000000 0.000000 1.000000
1403715356.562143087 0.219301 0.723511 1.663564 0.000000 0.000000 0.000000 1.000000
1403715356.612143040 0.219220 0.723513 1.663568 0.000000 0.000000 0.000000 1.000000
1403715356.662142992 0.219142 0.723538 1.663601 0.000000 0.000000 0.000000 1.000000
1403715356.712143183 0.219126 0.723588 1.663662 0.000000 0.000000 0.000000 1.000000
1403715356.762142897 0.218930 0.721857 1.667592 0.000000 0.000000 0.000000 1.000000
1403715356.812143087 0.222423 0.721861 1.670327 0.000000 0.000000 0.000000 1.000000
1403715356.862143040 0.224419 0.721888 1.671855 0.000000 0.000000 0.000000 1.000000
1403715356.912142992 0.224888 0.724365 1.675286 0.000000 0.000000 0.000000 1.000000
1403715356.962142944 0.225228 0.725783 1.677234 0.000000 0.000000 0.000000 1.000000
1403715357.012143135 0.226236 0.729071 1.680848 0.000000 0.000000 0.000000 1.000000
1403715357.062143087 0.226860 0.734790 1.680034 0.000000 0.000000 0.000000 1.000000
1403715357.112143040 0.225775 0.741590 1.682554 0.000000 0.000000 0.000000 1.000000
1403715357.162142992 0.225267 0.745377 1.683993 0.000000 0.000000 0.000000 1.000000
1403715357.212143183 0.225073 0.747501 1.684831 0.000000 0.000000 0.000000 1.000000
1403715357.262142897 0.225038 0.748701 1.685330 0.000000 0.000000 0.000000 1.000000
1403715357.312143087 0.223950 0.751884 1.688320 0.000000 0.000000 0.000000 1.000000
1403715357.362143040 0.220183 0.755737 1.691355 0.000000 0.000000 0.000000 1.000000
1403715357.412142992 0.218151 0.757860 1.693030 0.000000 0.000000 0.000000 1.000000
1403715357.462142944 0.217065 0.759021 1.693945 0.000000 0.000000 0.000000 1.000000
1403715357.512143135 0.216485 0.759654 1.694442 0.000000 0.000000 0.000000 1.000000
1403715357.562143087 0.216177 0.759995 1.694708 0.000000 0.000000 0.000000 1.000000
1403715357.612143040 0.216018 0.760176 1.694846 0.000000 0.000000 0.000000 1.000000
1403715357.662142992 0.215942 0.760259 1.694903 0.000000 0.000000 0.000000 1.000000
1403715357.712143183 0.215861 0.760289 1.694910 0.000000 0.000000 0.000000 1.000000
1403715357.762142897 0.215825 0.760289 1.694893 0.000000 0.000000 0.000000 1.000000
1403715357.812143087 0.215822 0.760268 1.694861 0.000000 0.000000 0.000000 1.000000
1403715357.862143040 0.215836 0.760243 1.694827 0.000000 0.000000 0.000000 1.000000
1403715357.912142992 0.215852 0.760219 1.694796 0.000000 0.000000 0.000000 1.000000
1403715357.962142944 0.215867 0.760197 1.694769 0.000000 0.000000 0.000000 1.000000
1403715358.012143135 0.215882 0.760175 1.694744 0.000000 0.000000 0.000000 1.000000
1403715358.062143087 0.215895 0.760154 1.694719 0.000000 0.000000 0.000000 1.000000
1403715358.112143040 0.215890 0.760133 1.694690 0.000000 0.000000 0.000000 1.000000
1403715358.162142992 0.215864 0.760117 1.694665 0.000000 0.000000 0.000000 1.000000
1403715358.212143183 0.215815 0.760100 1.694635 0.000000 0.000000 0.000000 1.000000
1403715358.262142897 0.215755 0.760091 1.694615 0.000000 0.000000 0.000000 1.000000
1403715358.312143087 0.217638 0.764070 1.692442 0.000000 0.000000 0.000000 1.000000
1403715358.362143040 0.218693 0.766244 1.691230 0.000000 0.000000 0.000000 1.000000
1403715358.412142992 0.219312 0.767435 1.690564 0.000000 0.000000 0.000000 1.000000
1403715358.462142944 0.219705 0.768100 1.690216 0.000000 0.000000 0.000000 1.000000
1403715358.512143135 0.219971 0.768497 1.690072 0.000000 0.000000 0.000000 1.000000
1403715358.562143087 0.220157 0.768760 1.690057 0.000000 0.000000 0.000000 1.000000
1403715358.612143040 0.221203 0.772654 1.688060 0.000000 0.000000 0.000000 1.000000
1403715358.662142992 0.222774 0.778380 1.684205 0.000000 0.000000 0.000000 1.000000
1403715358.712143183 0.224015 0.784431 1.685208 0.000000 0.000000 0.000000 1.000000
1403715358.762142897 0.224025 0.790988 1.689145 0.000000 0.000000 0.000000 1.000000
1403715358.812143087 0.224647 0.796869 1.688155 0.000000 0.000000 0.000000 1.000000
1403715358.862143040 0.225199 0.803928 1.684522 0.000000 0.000000 0.000000 1.000000
1403715358.912142992 0.226388 0.811131 1.683321 0.000000 0.000000 0.000000 1.000000
1403715358.962142944 0.230757 0.817240 1.684702 0.000000 0.000000 0.000000 1.000000
1403715359.012143135 0.232891 0.823358 1.683248 0.000000 0.000000 0.000000 1.000000
1403715359.062143087 0.234126 0.826719 1.682445 0.000000 0.000000 0.000000 1.000000
1403715359.112143040 0.234856 0.828564 1.682002 0.000000 0.000000 0.000000 1.000000
1403715359.162142992 0.235301 0.829577 1.681758 0.000000 0.000000 0.000000 1.000000
1403715359.212143183 0.239393 0.831571 1.682938 0.000000 0.000000 0.000000 1.000000
1403715359.262142897 0.244883 0.834090 1.684924 0.000000 0.000000 0.000000 1.000000
1403715359.312143087 0.247926 0.835463 1.686004 0.000000 0.000000 0.000000 1.000000
1403715359.362143040 0.253157 0.837134 1.687377 0.000000 0.000000 0.000000 1.000000
1403715359.412142992 0.256054 0.838043 1.688123 0.000000 0.000000 0.000000 1.000000
1403715359.462142944 0.257669 0.838533 1.688525 0.000000 0.000000 0.000000 1.000000
1403715359.512143135 0.261759 0.840081 1.690189 0.000000 0.000000 0.000000 1.000000
1403715359.562143087 0.264028 0.840921 1.691095 0.000000 0.000000 0.000000 1.000000
1403715359.612143040 0.265257 0.841396 1.691604 0.000000 0.000000 0.000000 1.000000
1403715359.662142992 0.265924 0.841677 1.691903 0.000000 0.000000 0.000000 1.000000
1403715359.712143183 0.266276 0.841852 1.692087 0.000000 0.000000 0.000000 1.000000
1403715359.762142897 0.266482 0.841972 1.692214 0.000000 0.000000 0.000000 1.000000
1403715359.812143087 0.266583 0.842060 1.692306 0.000000 0.000000 0.000000 1.000000
1403715359.862143040 0.266660 0.842126 1.692376 0.000000 0.000000 0.000000 1.000000
1403715359.912142992 0.266731 0.842185 1.692441 0.000000 0.000000 0.000000 1.000000
1403715359.962142944 0.266771 0.842251 1.692512 0.000000 0.000000 0.000000 1.000000
1403715360.012143135 0.266827 0.842303 1.692570 0.000000 0.000000 0.000000 1.000000
1403715360.062143087 0.266889 0.842345 1.692618 0.000000 0.000000 0.000000 1.000000
1403715360.112143040 0.266953 0.842382 1.692661 0.000000 0.000000 0.000000 1.000000
1403715360.162142992 0.268417 0.844919 1.695022 0.000000 0.000000 0.000000 1.000000
1403715360.212143183 0.271381 0.848998 1.698224 0.000000 0.000000 0.000000 1.000000
1403715360.262142897 0.274169 0.854110 1.703177 0.000000 0.000000 0.000000 1.000000
1403715360.312143087 0.275697 0.856937 1.705915 0.000000 0.000000 0.000000 1.000000
1403715360.362143040 0.276513 0.858501 1.707429 0.000000 0.000000 0.000000 1.000000
1403715360.412142992 0.276923 0.859370 1.708268 0.000000 0.000000 0.000000 1.000000
1403715360.462142944 0.277107 0.859851 1.708729 0.000000 0.000000 0.000000 1.000000
1403715360.512143135 0.277163 0.860113 1.708979 0.000000 0.000000 0.000000 1.000000
1403715360.562143087 0.277143 0.860248 1.709106 0.000000 0.000000 0.000000 1.000000
1403715360.612143040 0.277072 0.860300 1.709154 0.000000 0.000000 0.000000 1.000000
1403715360.662142992 0.276966 0.860296 1.709148 0.000000 0.000000 0.000000 1.000000
1403715360.712143183 0.276836 0.860253 1.709104 0.000000 0.000000 0.000000 1.000000
1403715360.762142897 0.275111 0.858095 1.706000 0.000000 0.000000 0.000000 1.000000
1403715360.812143087 0.274093 0.856838 1.704223 0.000000 0.000000 0.000000 1.000000
1403715360.862143040 0.274656 0.858496 1.699071 0.000000 0.000000 0.000000 1.000000
1403715360.912142992 0.274877 0.859341 1.696168 0.000000 0.000000 0.000000 1.000000
1403715360.962142944 0.273614 0.856777 1.697258 0.000000 0.000000 0.000000 1.000000
1403715361.012143135 0.272825 0.855307 1.697794 0.000000 0.000000 0.000000 1.000000
1403715361.062143087 0.272294 0.854440 1.698027 0.000000 0.000000 0.000000 1.000000
1403715361.112143040 0.271904 0.853906 1.698096 0.000000 0.000000 0.000000 1.000000
1403715361.162142992 0.271591 0.853556 1.698076 0.000000 0.000000 0.000000 1.000000
1403715361.212143183 0.271324 0.853302 1.698005 0.000000 0.000000 0.000000 1.000000
1403715361.262142897 0.271080 0.853105 1.697909 0.000000 0.000000 0.000000 1.000000
1403715361.312143087 0.270853 0.852936 1.697798 0.000000 0.000000 0.000000 1.000000
1403715361.362143040 0.269909 0.850925 1.695298 0.000000 0.000000 0.000000 1.000000
1403715361.412142992 0.269389 0.849819 1.693924 0.000000 0.000000 0.000000 1.000000
1403715361.462142944 0.269013 0.849157 1.693117 0.000000 0.000000 0.000000 1.000000
1403715361.512143135 0.268731 0.848746 1.692631 0.000000 0.000000 0.000000 1.000000
1403715361.562143087 0.268512 0.848481 1.692329 0.000000 0.000000 0.000000 1.000000
1403715361.612143040 0.268352 0.848295 1.692126 0.000000 0.000000 0.000000 1.000000
1403715361.662142992 0.268230 0.848164 1.691987 0.000000 0.000000 0.000000 1.000000
1403715361.712143183 0.268131 0.848063 1.691884 0.000000 0.000000 0.000000 1.000000
1403715361.762142897 0.270631 0.846171 1.690157 0.000000 0.000000 0.000000 1.000000
1403715361.812143087 0.271971 0.845095 1.689177 0.000000 0.000000 0.000000 1.000000
1403715361.862143040 0.272670 0.844467 1.688606 0.000000 0.000000 0.000000 1.000000
1403715361.912142992 0.273009 0.844076 1.688254 0.000000 0.000000 0.000000 1.000000
1403715361.962142944 0.273133 0.843827 1.688033 0.000000 0.000000 0.000000 1.000000
1403715362.012143135 0.273131 0.843653 1.687885 0.000000 0.000000 0.000000 1.000000
1403715362.062143087 0.273062 0.843512 1.687768 0.000000 0.000000 0.000000 1.000000
1403715362.112143040 0.272949 0.843384 1.687667 0.000000 0.000000 0.000000 1.000000
1403715362.162142992 0.272818 0.843254 1.687564 0.000000 0.000000 0.000000 1.000000
1403715362.212143183 0.272665 0.843121 1.687461 0.000000 0.000000 0.000000 1.000000
1403715362.262142897 0.272498 0.842985 1.687358 0.000000 0.000000 0.000000 1.000000
1403715362.312143087 0.273969 0.839209 1.687799 0.000000 0.000000 0.000000 1.000000
1403715362.362143040 0.274694 0.837064 1.687991 0.000000 0.000000 0.000000 1.000000
1403715362.412142992 0.272002 0.834942 1.687639 0.000000 0.000000 0.000000 1.000000
1403715362.462142944 0.270428 0.833716 1.687405 0.000000 0.000000 0.000000 1.000000
1403715362.512143135 0.269468 0.832978 1.687235 0.000000 0.000000 0.000000 1.000000
1403715362.562143087 0.271803 0.829861 1.684198 0.000000 0.000000 0.000000 1.000000
1403715362.612143040 0.272291 0.823722 1.684529 0.000000 0.000000 0.000000 1.000000
1403715362.662142992 0.272475 0.820294 1.684682 0.000000 0.000000 0.000000 1.000000
1403715362.712143183 0.272490 0.818362 1.684746 0.000000 0.000000 0.000000 1.000000
1403715362.762142897 0.272411 0.817267 1.684775 0.000000 0.000000 0.000000 1.000000
1403715362.812143087 0.272278 0.816641 1.684794 0.000000 0.000000 0.000000 1.000000
1403715362.862143040 0.272113 0.816281 1.684819 0.000000 0.000000 0.000000 1.000000
1403715362.912142992 0.275292 0.818803 1.685742 0.000000 0.000000 0.000000 1.000000
1403715362.962142944 0.276975 0.820190 1.686276 0.000000 0.000000 0.000000 1.000000
1403715363.012143135 0.277836 0.820951 1.686597 0.000000 0.000000 0.000000 1.000000
1403715363.062143087 0.278245 0.821363 1.686798 0.000000 0.000000 0.000000 1.000000
1403715363.112143040 0.278409 0.821576 1.686928 0.000000 0.000000 0.000000 1.000000
1403715363.162142992 0.278442 0.821665 1.687007 0.000000 0.000000 0.000000 1.000000
1403715363.212143183 0.278398 0.821683 1.687056 0.000000 0.000000 0.000000 1.000000
1403715363.262142897 0.278314 0.821662 1.687089 0.000000 0.000000 0.000000 1.000000
1403715363.312143087 0.278207 0.821622 1.687119 0.000000 0.000000 0.000000 1.000000
1403715363.362143040 0.278082 0.821568 1.687145 0.000000 0.000000 0.000000 1.000000
1403715363.412142992 0.277947 0.821506 1.687173 0.000000 0.000000 0.000000 1.000000
1403715363.462142944 0.277798 0.821434 1.687199 0.000000 0.000000 0.000000 1.000000
1403715363.512143135 0.277639 0.821349 1.687222 0.000000 0.000000 0.000000 1.000000
1403715363.562143087 0.277465 0.821236 1.687230 0.000000 0.000000 0.000000 1.000000
1403715363.612143040 0.277278 0.821084 1.687210 0.000000 0.000000 0.000000 1.000000
1403715363.662142992 0.277085 0.820922 1.687185 0.000000 0.000000 0.000000 1.000000
1403715363.712143183 0.276881 0.820755 1.687160 0.000000 0.000000 0.000000 1.000000
1403715363.762142897 0.274679 0.817112 1.685995 0.000000 0.000000 0.000000 1.000000
1403715363.812143087 0.273369 0.815042 1.685357 0.000000 0.000000 0.000000 1.000000
1403715363.862143040 0.272544 0.813838 1.685014 0.000000 0.000000 0.000000 1.000000
1403715363.912142992 0.269590 0.809365 1.684280 0.000000 0.000000 0.000000 1.000000
1403715363.962142944 0.265287 0.805154 1.683640 0.000000 0.000000 0.000000 1.000000
1403715364.012143135 0.262805 0.802767 1.683304 0.000000 0.000000 0.000000 1.000000
1403715364.062143087 0.261320 0.801380 1.683137 0.000000 0.000000 0.000000 1.000000
1403715364.112143040 0.260402 0.800552 1.683061 0.000000 0.000000 0.000000 1.000000
1403715364.162142992 0.259798 0.800036 1.683037 0.000000 0.000000 0.000000 1.000000
1403715364.212143183 0.258815 0.797420 1.680872 0.000000 0.000000 0.000000 1.000000
1403715364.262142897 0.254776 0.793397 1.680365 0.000000 0.000000 0.000000 1.000000
1403715364.312143087 0.252504 0.791148 1.680093 0.000000 0.000000 0.000000 1.000000
1403715364.362143040 0.247750 0.787547 1.680624 0.000000 0.000000 0.000000 1.000000
1403715364.412142992 0.242419 0.785449 1.682620 0.000000 0.000000 0.000000 1.000000
1403715364.462142944 0.239459 0.784277 1.683726 0.000000 0.000000 0.000000 1.000000
1403715364.512143135 0.237814 0.783623 1.684339 0.000000 0.000000 0.000000 1.000000
1403715364.562143087 0.236892 0.783258 1.684685 0.000000 0.000000 0.000000 1.000000
1403715364.612143040 0.236364 0.783044 1.684882 0.000000 0.000000 0.000000 1.000000
1403715364.662142992 0.236040 0.782914 1.685009 0.000000 0.000000 0.000000 1.000000
1403715364.712143183 0.235809 0.782804 1.685088 0.000000 0.000000 0.000000 1.000000
1403715364.762142897 0.233426 0.778769 1.683578 0.000000 0.000000 0.000000 1.000000
1403715364.812143087 0.229559 0.772494 1.681639 0.000000 0.000000 0.000000 1.000000
1403715364.862143040 0.224927 0.764911 1.679645 0.000000 0.000000 0.000000 1.000000
1403715364.912142992 0.222339 0.760665 1.678521 0.000000 0.000000 0.000000 1.000000
1403715364.962142944 0.219553 0.754258 1.675499 0.000000 0.000000 0.000000 1.000000
1403715365.012143135 0.214483 0.748615 1.674561 0.000000 0.000000 0.000000 1.000000
1403715365.062143087 0.210592 0.742274 1.672222 0.000000 0.000000 0.000000 1.000000
1403715365.112143040 0.205848 0.734880 1.670399 0.000000 0.000000 0.000000 1.000000
1403715365.162142992 0.203164 0.730764 1.669420 0.000000 0.000000 0.000000 1.000000
1403715365.212143183 0.200577 0.725537 1.668354 0.000000 0.000000 0.000000 1.000000
1403715365.262142897 0.196926 0.720332 1.668012 0.000000 0.000000 0.000000 1.000000
1403715365.312143087 0.192739 0.714044 1.667193 0.000000 0.000000 0.000000 1.000000
1403715365.362143040 0.190387 0.710547 1.666757 0.000000 0.000000 0.000000 1.000000
1403715365.412142992 0.189043 0.708592 1.666536 0.000000 0.000000 0.000000 1.000000
1403715365.462142944 0.189893 0.705072 1.668843 0.000000 0.000000 0.000000 1.000000
1403715365.512143135 0.190305 0.703094 1.670128 0.000000 0.000000 0.000000 1.000000
1403715365.562143087 0.188474 0.698265 1.670574 0.000000 0.000000 0.000000 1.000000
1403715365.612143040 0.187405 0.695561 1.670841 0.000000 0.000000 0.000000 1.000000
1403715365.662142992 0.186751 0.694029 1.671015 0.000000 0.000000 0.000000 1.000000
1403715365.712143183 0.183426 0.691807 1.672662 0.000000 0.000000 0.000000 1.000000
1403715365.762142897 0.179811 0.687964 1.673084 0.000000 0.000000 0.000000 1.000000
1403715365.812143087 0.175862 0.682990 1.673459 0.000000 0.000000 0.000000 1.000000
1403715365.862143040 0.171163 0.676981 1.673615 0.000000 0.000000 0.000000 1.000000
1403715365.912142992 0.168516 0.673611 1.673722 0.000000 0.000000 0.000000 1.000000
1403715365.962142944 0.167004 0.671701 1.673801 0.000000 0.000000 0.000000 1.000000
1403715366.012143135 0.166127 0.670616 1.673869 0.000000 0.000000 0.000000 1.000000
1403715366.062143087 0.165605 0.669985 1.673926 0.000000 0.000000 0.000000 1.000000
1403715366.112143040 0.165286 0.669614 1.673977 0.000000 0.000000 0.000000 1.000000
1403715366.162142992 0.165077 0.669379 1.674021 0.000000 0.000000 0.000000 1.000000
1403715366.212143183 0.164935 0.669221 1.674059 0.000000 0.000000 0.000000 1.000000
1403715366.262142897 0.164830 0.669104 1.674089 0.000000 0.000000 0.000000 1.000000
1403715366.312143087 0.164758 0.668998 1.674094 0.000000 0.000000 0.000000 1.000000
1403715366.362143040 0.164708 0.668900 1.674083 0.000000 0.000000 0.000000 1.000000
1403715366.412142992 0.164696 0.668815 1.674040 0.000000 0.000000 0.000000 1.000000
1403715366.462142944 0.164713 0.668736 1.673970 0.000000 0.000000 0.000000 1.000000
1403715366.512143135 0.164749 0.668665 1.673885 0.000000 0.000000 0.000000 1.000000
1403715366.562143087 0.166344 0.666069 1.677737 0.000000 0.000000 0.000000 1.000000
1403715366.612143040 0.167245 0.664621 1.679818 0.000000 0.000000 0.000000 1.000000
1403715366.662142992 0.167761 0.663806 1.680930 0.000000 0.000000 0.000000 1.000000
1403715366.712143183 0.168065 0.663343 1.681513 0.000000 0.000000 0.000000 1.000000
1403715366.762142897 0.165509 0.660867 1.683324 0.000000 0.000000 0.000000 1.000000
1403715366.812143087 0.164124 0.659488 1.684288 0.000000 0.000000 0.000000 1.000000
1403715366.862143040 0.161800 0.655506 1.683968 0.000000 0.000000 0.000000 1.000000
1403715366.912142992 0.160531 0.653306 1.683776 0.000000 0.000000 0.000000 1.000000
1403715366.962142944 0.159838 0.652081 1.683657 0.000000 0.000000 0.000000 1.000000
1403715367.012143135 0.160436 0.648431 1.687382 0.000000 0.000000 0.000000 1.000000
1403715367.062143087 0.160761 0.646416 1.689430 0.000000 0.000000 0.000000 1.000000
1403715367.112143040 0.159103 0.642400 1.689448 0.000000 0.000000 0.000000 1.000000
1403715367.162142992 0.158191 0.640183 1.689453 0.000000 0.000000 0.000000 1.000000
1403715367.212143183 0.157687 0.638950 1.689449 0.000000 0.000000 0.000000 1.000000
1403715367.262142897 0.157629 0.635254 1.692687 0.000000 0.000000 0.000000 1.000000
1403715367.312143087 0.157598 0.630121 1.696915 0.000000 0.000000 0.000000 1.000000
1403715367.362143040 0.157579 0.627284 1.699233 0.000000 0.000000 0.000000 1.000000
1403715367.412142992 0.157566 0.625709 1.700502 0.000000 0.000000 0.000000 1.000000
1403715367.462142944 0.157898 0.621571 1.704696 0.000000 0.000000 0.000000 1.000000
1403715367.512143135 0.154680 0.618928 1.704261 0.000000 0.000000 0.000000 1.000000
1403715367.562143087 0.153887 0.614113 1.707480 0.000000 0.000000 0.000000 1.000000
1403715367.612143040 0.151859 0.608359 1.708391 0.000000 0.000000 0.000000 1.000000
1403715367.662142992 0.151153 0.601633 1.712262 0.000000 0.000000 0.000000 1.000000
1403715367.712143183 0.151150 0.594357 1.717749 0.000000 0.000000 0.000000 1.000000
1403715367.762142897 0.148117 0.587403 1.721400 0.000000 0.000000 0.000000 1.000000
1403715367.812143087 0.147930 0.581516 1.727623 0.000000 0.000000 0.000000 1.000000
1403715367.862143040 0.146024 0.575064 1.730446 0.000000 0.000000 0.000000 1.000000
1403715367.912142992 0.141717 0.569880 1.733271 0.000000 0.000000 0.000000 1.000000
1403715367.962142944 0.136845 0.567831 1.731871 0.000000 0.000000 0.000000 1.000000
1403715368.012143135 0.130474 0.566075 1.729787 0.000000 0.000000 0.000000 1.000000
1403715368.062143087 0.123163 0.564167 1.726270 0.000000 0.000000 0.000000 1.000000
1403715368.112143040 0.119110 0.563094 1.724348 0.000000 0.000000 0.000000 1.000000
1403715368.162142992 0.113814 0.559850 1.723384 0.000000 0.000000 0.000000 1.000000
1403715368.212143183 0.107521 0.554848 1.723663 0.000000 0.000000 0.000000 1.000000
1403715368.262142897 0.101094 0.548532 1.724053 0.000000 0.000000 0.000000 1.000000
1403715368.312143087 0.094396 0.541927 1.725088 0.000000 0.000000 0.000000 1.000000
1403715368.362143040 0.090691 0.538279 1.725667 0.000000 0.000000 0.000000 1.000000
1403715368.412142992 0.088634 0.536256 1.725994 0.000000 0.000000 0.000000 1.000000
1403715368.462142944 0.085343 0.531786 1.725985 0.000000 0.000000 0.000000 1.000000
1403715368.512143135 0.081029 0.526438 1.726577 0.000000 0.000000 0.000000 1.000000
1403715368.562143087 0.075738 0.521018 1.727351 0.000000 0.000000 0.000000 1.000000
1403715368.612143040 0.070292 0.514861 1.727328 0.000000 0.000000 0.000000 1.000000
1403715368.662142992 0.064756 0.508259 1.726883 0.000000 0.000000 0.000000 1.000000
1403715368.712143183 0.059494 0.501269 1.726728 0.000000 0.000000 0.000000 1.000000
1403715368.762142897 0.054422 0.493904 1.726599 0.000000 0.000000 0.000000 1.000000
1403715368.812143087 0.049082 0.485898 1.726537 0.000000 0.000000 0.000000 1.000000
1403715368.862143040 0.043256 0.478039 1.726730 0.000000 0.000000 0.000000 1.000000
1403715368.912142992 0.037357 0.470487 1.726847 0.000000 0.000000 0.000000 1.000000
1403715368.962142944 0.030824 0.463666 1.728528 0.000000 0.000000 0.000000 1.000000
1403715369.012143135 0.027246 0.459900 1.729433 0.000000 0.000000 0.000000 1.000000
1403715369.062143087 0.025302 0.457821 1.729908 0.000000 0.000000 0.000000 1.000000
1403715369.112143040 0.024265 0.456681 1.730146 0.000000 0.000000 0.000000 1.000000
1403715369.162142992 0.023732 0.456063 1.730253 0.000000 0.000000 0.000000 1.000000
1403715369.212143183 0.023483 0.455741 1.730286 0.000000 0.000000 0.000000 1.000000
1403715369.262142897 0.023395 0.455588 1.730280 0.000000 0.000000 0.000000 1.000000
1403715369.312143087 0.023404 0.455533 1.730249 0.000000 0.000000 0.000000 1.000000
1403715369.362143040 0.023467 0.455542 1.730209 0.000000 0.000000 0.000000 1.000000
1403715369.412142992 0.023569 0.455587 1.730161 0.000000 0.000000 0.000000 1.000000
1403715369.462142944 0.023693 0.455659 1.730112 0.000000 0.000000 0.000000 1.000000
1403715369.512143135 0.023833 0.455742 1.730058 0.000000 0.000000 0.000000 1.000000
1403715369.562143087 0.023979 0.455838 1.730009 0.000000 0.000000 0.000000 1.000000
1403715369.612143040 0.024131 0.455942 1.729963 0.000000 0.000000 0.000000 1.000000
1403715369.662142992 0.024284 0.456046 1.729918 0.000000 0.000000 0.000000 1.000000
1403715369.712143183 0.024428 0.456131 1.729872 0.000000 0.000000 0.000000 1.000000
1403715369.762142897 0.024549 0.456192 1.729830 0.000000 0.000000 0.000000 1.000000
1403715369.812143087 0.024652 0.456234 1.729791 0.000000 0.000000 0.000000 1.000000
1403715369.862143040 0.024737 0.456258 1.729755 0.000000 0.000000 0.000000 1.000000
1403715369.912142992 0.024805 0.456266 1.729721 0.000000 0.000000 0.000000 1.000000
1403715369.962142944 0.024861 0.456260 1.729689 0.000000 0.000000 0.000000 1.000000
1403715370.012143135 0.021897 0.453268 1.730302 0.000000 0.000000 0.000000 1.000000
1403715370.062143087 0.020285 0.451601 1.730619 0.000000 0.000000 0.000000 1.000000
1403715370.112143040 0.019408 0.450656 1.730776 0.000000 0.000000 0.000000 1.000000
1403715370.162142992 0.018905 0.450097 1.730852 0.000000 0.000000 0.000000 1.000000
1403715370.212143183 0.018590 0.449776 1.730905 0.000000 0.000000 0.000000 1.000000
1403715370.262142897 0.017749 0.445814 1.729156 0.000000 0.000000 0.000000 1.000000
1403715370.312143087 0.015371 0.440265 1.727386 0.000000 0.000000 0.000000 1.000000
1403715370.362143040 0.014037 0.437204 1.726421 0.000000 0.000000 0.000000 1.000000
1403715370.412142992 0.013278 0.435511 1.725898 0.000000 0.000000 0.000000 1.000000
1403715370.462142944 0.012837 0.434565 1.725616 0.000000 0.000000 0.000000 1.000000
1403715370.512143135 0.012570 0.434026 1.725465 0.000000 0.000000 0.000000 1.000000
1403715370.562143087 0.010376 0.430546 1.724752 0.000000 0.000000 0.000000 1.000000
1403715370.612143040 0.009147 0.428607 1.724360 0.000000 0.000000 0.000000 1.000000
1403715370.662142992 0.008456 0.427515 1.724142 0.000000 0.000000 0.000000 1.000000
1403715370.712143183 0.008063 0.426885 1.724017 0.000000 0.000000 0.000000 1.000000
1403715370.762142897 0.004426 0.424127 1.723826 0.000000 0.000000 0.000000 1.000000
1403715370.812143087 0.002429 0.422571 1.723704 0.000000 0.000000 0.000000 1.000000
1403715370.862143040 0.001335 0.421677 1.723618 0.000000 0.000000 0.000000 1.000000
1403715370.912142992 0.000734 0.421153 1.723556 0.000000 0.000000 0.000000 1.000000
1403715370.962142944 0.000408 0.420828 1.723504 0.000000 0.000000 0.000000 1.000000
1403715371.012143135 -0.003446 0.418719 1.723523 0.000000 0.000000 0.000000 1.000000
1403715371.062143087 -0.004636 0.414171 1.721305 0.000000 0.000000 0.000000 1.000000
1403715371.112143040 -0.005263 0.411621 1.720050 0.000000 0.000000 0.000000 1.000000
1403715371.162142992 -0.005589 0.410173 1.719331 0.000000 0.000000 0.000000 1.000000
1403715371.212143183 -0.005754 0.409337 1.718911 0.000000 0.000000 0.000000 1.000000
1403715371.262142897 -0.005841 0.408848 1.718665 0.000000 0.000000 0.000000 1.000000
1403715371.312143087 -0.005893 0.408554 1.718521 0.000000 0.000000 0.000000 1.000000
1403715371.362143040 -0.005929 0.408370 1.718435 0.000000 0.000000 0.000000 1.000000
1403715371.412142992 -0.005968 0.408242 1.718385 0.000000 0.000000 0.000000 1.000000
1403715371.462142944 -0.008008 0.407783 1.714840 0.000000 0.000000 0.000000 1.000000
1403715371.512143135 -0.009201 0.407521 1.712919 0.000000 0.000000 0.000000 1.000000
1403715371.562143087 -0.009925 0.407370 1.711893 0.000000 0.000000 0.000000 1.000000
1403715371.612143040 -0.010385 0.407276 1.711353 0.000000 0.000000 0.000000 1.000000
1403715371.662142992 -0.010690 0.407211 1.711078 0.000000 0.000000 0.000000 1.000000
1403715371.712143183 -0.014307 0.406980 1.708381 0.000000 0.000000 0.000000 1.000000
1403715371.762142897 -0.016319 0.406834 1.706903 0.000000 0.000000 0.000000 1.000000
1403715371.812143087 -0.017444 0.406728 1.706088 0.000000 0.000000 0.000000 1.000000
1403715371.862143040 -0.018053 0.406646 1.705626 0.000000 0.000000 0.000000 1.000000
1403715371.912142992 -0.018372 0.406569 1.705350 0.000000 0.000000 0.000000 1.000000
1403715371.962142944 -0.021738 0.406112 1.702207 0.000000 0.000000 0.000000 1.000000
1403715372.012143135 -0.024919 0.405040 1.696560 0.000000 0.000000 0.000000 1.000000
1403715372.062143087 -0.029961 0.403398 1.691034 0.000000 0.000000 0.000000 1.000000
1403715372.112143040 -0.032747 0.402462 1.687987 0.000000 0.000000 0.000000 1.000000
1403715372.162142992 -0.034291 0.401920 1.686306 0.000000 0.000000 0.000000 1.000000
1403715372.212143183 -0.035160 0.401596 1.685379 0.000000 0.000000 0.000000 1.000000
1403715372.262142897 -0.037990 0.400623 1.681385 0.000000 0.000000 0.000000 1.000000
1403715372.312143087 -0.039534 0.400061 1.679172 0.000000 0.000000 0.000000 1.000000
1403715372.362143040 -0.040354 0.399735 1.677934 0.000000 0.000000 0.000000 1.000000
1403715372.412142992 -0.042329 0.399070 1.672600 0.000000 0.000000 0.000000 1.000000
1403715372.462142944 -0.043767 0.400122 1.665732 0.000000 0.000000 0.000000 1.000000
1403715372.512143135 -0.044524 0.400686 1.661935 0.000000 0.000000 0.000000 1.000000
1403715372.562143087 -0.048901 0.401392 1.657054 0.000000 0.000000 0.000000 1.000000
1403715372.612143040 -0.054123 0.399128 1.654190 0.000000 0.000000 0.000000 1.000000
1403715372.662142992 -0.059676 0.397469 1.649694 0.000000 0.000000 0.000000 1.000000
1403715372.712143183 -0.062739 0.396525 1.647214 0.000000 0.000000 0.000000 1.000000
1403715372.762142897 -0.064423 0.395977 1.645838 0.000000 0.000000 0.000000 1.000000
1403715372.812143087 -0.065362 0.395645 1.645076 0.000000 0.000000 0.000000 1.000000
1403715372.862143040 -0.069372 0.393522 1.644915 0.000000 0.000000 0.000000 1.000000
1403715372.912142992 -0.071590 0.392336 1.644825 0.000000 0.000000 0.000000 1.000000
1403715372.962142944 -0.072824 0.391666 1.644774 0.000000 0.000000 0.000000 1.000000
1403715373.012143135 -0.074720 0.392113 1.640435 0.000000 0.000000 0.000000 1.000000
1403715373.062143087 -0.075777 0.392341 1.638048 0.000000 0.000000 0.000000 1.000000
1403715373.112143040 -0.079059 0.390852 1.634062 0.000000 0.000000 0.000000 1.000000
1403715373.162142992 -0.083813 0.388584 1.628287 0.000000 0.000000 0.000000 1.000000
1403715373.212143183 -0.089525 0.384979 1.625179 0.000000 0.000000 0.000000 1.000000
1403715373.262142897 -0.094898 0.379778 1.622809 0.000000 0.000000 0.000000 1.000000
1403715373.312143087 -0.100615 0.374062 1.621175 0.000000 0.000000 0.000000 1.000000
1403715373.362143040 -0.105653 0.370952 1.616604 0.000000 0.000000 0.000000 1.000000
1403715373.412142992 -0.111537 0.366635 1.614030 0.000000 0.000000 0.000000 1.000000
1403715373.462142944 -0.116371 0.364154 1.608707 0.000000 0.000000 0.000000 1.000000
1403715373.512143135 -0.119036 0.362759 1.605770 0.000000 0.000000 0.000000 1.000000
1403715373.562143087 -0.123445 0.361363 1.600800 0.000000 0.000000 0.000000 1.000000
1403715373.612143040 -0.125837 0.360571 1.598047 0.000000 0.000000 0.000000 1.000000
1403715373.662142992 -0.130137 0.357334 1.596178 0.000000 0.000000 0.000000 1.000000
1403715373.712143183 -0.132456 0.355555 1.595137 0.000000 0.000000 0.000000 1.000000
1403715373.762142897 -0.133681 0.354589 1.594553 0.000000 0.000000 0.000000 1.000000
1403715373.812143087 -0.134292 0.354088 1.594224 0.000000 0.000000 0.000000 1.000000
1403715373.862143040 -0.137569 0.356617 1.591268 0.000000 0.000000 0.000000 1.000000
1403715373.912142992 -0.138525 0.358640 1.585451 0.000000 0.000000 0.000000 1.000000
1403715373.962142944 -0.138979 0.359824 1.582257 0.000000 0.000000 0.000000 1.000000
1403715374.012143135 -0.139147 0.360542 1.580501 0.000000 0.000000 0.000000 1.000000
1403715374.062143087 -0.139253 0.365139 1.578273 0.000000 0.000000 0.000000 1.000000
1403715374.112143040 -0.139231 0.367747 1.577056 0.000000 0.000000 0.000000 1.000000
1403715374.162142992 -0.139133 0.369245 1.576390 0.000000 0.000000 0.000000 1.000000
1403715374.212143183 -0.138996 0.370140 1.576031 0.000000 0.000000 0.000000 1.000000
1403715374.262142897 -0.137923 0.371840 1.571188 0.000000 0.000000 0.000000 1.000000
1403715374.312143087 -0.137248 0.372842 1.568531 0.000000 0.000000 0.000000 1.000000
1403715374.362143040 -0.136793 0.373446 1.567073 0.000000 0.000000 0.000000 1.000000
1403715374.412142992 -0.136469 0.373815 1.566271 0.000000 0.000000 0.000000 1.000000
1403715374.462142944 -0.136227 0.374044 1.565829 0.000000 0.000000 0.000000 1.000000
1403715374.512143135 -0.136037 0.374181 1.565581 0.000000 0.000000 0.000000 1.000000
1403715374.562143087 -0.135892 0.374264 1.565442 0.000000 0.000000 0.000000 1.000000
1403715374.612143040 -0.135777 0.374308 1.565361 0.000000 0.000000 0.000000 1.000000
1403715374.662142992 -0.135695 0.374329 1.565312 0.000000 0.000000 0.000000 1.000000
1403715374.712143183 -0.135638 0.374333 1.565282 0.000000 0.000000 0.000000 1.000000
1403715374.762142897 -0.135597 0.374323 1.565260 0.000000 0.000000 0.000000 1.000000
1403715374.812143087 -0.135570 0.374296 1.565240 0.000000 0.000000 0.000000 1.000000
1403715374.862143040 -0.139764 0.373520 1.565105 0.000000 0.000000 0.000000 1.000000
1403715374.912142992 -0.146099 0.372863 1.565099 0.000000 0.000000 0.000000 1.000000
1403715374.962142944 -0.150284 0.371881 1.561053 0.000000 0.000000 0.000000 1.000000
1403715375.012143135 -0.153245 0.370522 1.554722 0.000000 0.000000 0.000000 1.000000
1403715375.062143087 -0.154920 0.369739 1.551232 0.000000 0.000000 0.000000 1.000000
1403715375.112143040 -0.155875 0.369277 1.549305 0.000000 0.000000 0.000000 1.000000
1403715375.162142992 -0.156436 0.368993 1.548239 0.000000 0.000000 0.000000 1.000000
1403715375.212143183 -0.156778 0.368809 1.547646 0.000000 0.000000 0.000000 1.000000
1403715375.262142897 -0.160968 0.369056 1.544835 0.000000 0.000000 0.000000 1.000000
1403715375.312143087 -0.163290 0.369169 1.543282 0.000000 0.000000 0.000000 1.000000
1403715375.362143040 -0.164594 0.369212 1.542425 0.000000 0.000000 0.000000 1.000000
1403715375.412142992 -0.165315 0.369211 1.541945 0.000000 0.000000 0.000000 1.000000
1403715375.462142944 -0.165731 0.369193 1.541678 0.000000 0.000000 0.000000 1.000000
1403715375.512143135 -0.165972 0.369160 1.541524 0.000000 0.000000 0.000000 1.000000
1403715375.562143087 -0.166124 0.369119 1.541434 0.000000 0.000000 0.000000 1.000000
1403715375.612143040 -0.166224 0.369073 1.541379 0.000000 0.000000 0.000000 1.000000
1403715375.662142992 -0.166297 0.369024 1.541343 0.000000 0.000000 0.000000 1.000000
1403715375.712143183 -0.166353 0.368971 1.541316 0.000000 0.000000 0.000000 1.000000
1403715375.762142897 -0.166403 0.368916 1.541295 0.000000 0.000000 0.000000 1.000000
1403715375.812143087 -0.166445 0.368859 1.541276 0.000000 0.000000 0.000000 1.000000
1403715375.862143040 -0.166475 0.368796 1.541256 0.000000 0.000000 0.000000 1.000000
1403715375.912142992 -0.166482 0.368733 1.541234 0.000000 0.000000 0.000000 1.000000
1403715375.962142944 -0.166500 0.368666 1.541213 0.000000 0.000000 0.000000 1.000000
1403715376.012143135 -0.166501 0.368601 1.541190 0.000000 0.000000 0.000000 1.000000
1403715376.062143087 -0.166522 0.368541 1.541172 0.000000 0.000000 0.000000 1.000000
1403715376.112143040 -0.166569 0.368493 1.541161 0.000000 0.000000 0.000000 1.000000
1403715376.162142992 -0.166639 0.368462 1.541160 0.000000 0.000000 0.000000 1.000000
1403715376.212143183 -0.166718 0.368438 1.541161 0.000000 0.000000 0.000000 1.000000
1403715376.262142897 -0.166785 0.368397 1.541156 0.000000 0.000000 0.000000 1.000000
1403715376.312143087 -0.166880 0.368397 1.541170 0.000000 0.000000 0.000000 1.000000
1403715376.362143040 -0.167007 0.368422 1.541196 0.000000 0.000000 0.000000 1.000000
1403715376.412142992 -0.167130 0.368470 1.541230 0.000000 0.000000 0.000000 1.000000
1403715376.462142944 -0.167170 0.368487 1.541242 0.000000 0.000000 0.000000 1.000000
1403715376.512143135 -0.167161 0.368485 1.541240 0.000000 0.000000 0.000000 1.000000
1403715376.562143087 -0.166531 0.372795 1.542327 0.000000 0.000000 0.000000 1.000000
1403715376.612143040 -0.166147 0.375157 1.542917 0.000000 0.000000 0.000000 1.000000
1403715376.662142992 -0.165905 0.379410 1.540176 0.000000 0.000000 0.000000 1.000000
1403715376.712143183 -0.165738 0.381749 1.538664 0.000000 0.000000 0.000000 1.000000
1403715376.762142897 -0.165616 0.383040 1.537832 0.000000 0.000000 0.000000 1.000000
1403715376.812143087 -0.165523 0.383775 1.537380 0.000000 0.000000 0.000000 1.000000
1403715376.862143040 -0.165480 0.384224 1.537150 0.000000 0.000000 0.000000 1.000000
1403715376.912142992 -0.165496 0.384524 1.537046 0.000000 0.000000 0.000000 1.000000
1403715376.962142944 -0.165546 0.384750 1.537016 0.000000 0.000000 0.000000 1.000000
1403715377.012143135 -0.165594 0.384930 1.537023 0.000000 0.000000 0.000000 1.000000
1403715377.062143087 -0.165585 0.385057 1.537033 0.000000 0.000000 0.000000 1.000000
1403715377.112143040 -0.165518 0.385132 1.537035 0.000000 0.000000 0.000000 1.000000
1403715377.162142992 -0.164271 0.384320 1.541050 0.000000 0.000000 0.000000 1.000000
1403715377.212143183 -0.163529 0.383883 1.543257 0.000000 0.000000 0.000000 1.000000
1403715377.262142897 -0.163069 0.383662 1.544474 0.000000 0.000000 0.000000 1.000000
1403715377.312143087 -0.162777 0.383576 1.545155 0.000000 0.000000 0.000000 1.000000
1403715377.362143040 -0.162592 0.383568 1.545542 0.000000 0.000000 0.000000 1.000000
1403715377.412142992 -0.162558 0.387108 1.546560 0.000000 0.000000 0.000000 1.000000
1403715377.462142944 -0.162526 0.389098 1.547136 0.000000 0.000000 0.000000 1.000000
1403715377.512143135 -0.162492 0.390236 1.547468 0.000000 0.000000 0.000000 1.000000
1403715377.562143087 -0.162455 0.390905 1.547667 0.000000 0.000000 0.000000 1.000000
1403715377.612143040 -0.162406 0.391306 1.547787 0.000000 0.000000 0.000000 1.000000
1403715377.662142992 -0.162336 0.391554 1.547860 0.000000 0.000000 0.000000 1.000000
1403715377.712143183 -0.162257 0.391719 1.547908 0.000000 0.000000 0.000000 1.000000
1403715377.762142897 -0.162188 0.391841 1.547944 0.000000 0.000000 0.000000 1.000000
1403715377.812143087 -0.162121 0.391940 1.547974 0.000000 0.000000 0.000000 1.000000
1403715377.862143040 -0.160895 0.395369 1.549372 0.000000 0.000000 0.000000 1.000000
1403715377.912142992 -0.160199 0.397290 1.550153 0.000000 0.000000 0.000000 1.000000
1403715377.962142944 -0.159798 0.398382 1.550595 0.000000 0.000000 0.000000 1.000000
1403715378.012143135 -0.159565 0.399029 1.550856 0.000000 0.000000 0.000000 1.000000
1403715378.062143087 -0.159436 0.399436 1.551020 0.000000 0.000000 0.000000 1.000000
1403715378.112143040 -0.156892 0.402162 1.552497 0.000000 0.000000 0.000000 1.000000
1403715378.162142992 -0.152630 0.406754 1.555170 0.000000 0.000000 0.000000 1.000000
1403715378.212143183 -0.150288 0.409329 1.556661 0.000000 0.000000 0.000000 1.000000
1403715378.262142897 -0.148973 0.410797 1.557499 0.000000 0.000000 0.000000 1.000000
1403715378.312143087 -0.148217 0.411660 1.557977 0.000000 0.000000 0.000000 1.000000
1403715378.362143040 -0.147748 0.412177 1.558249 0.000000 0.000000 0.000000 1.000000
1403715378.412142992 -0.146658 0.416829 1.560508 0.000000 0.000000 0.000000 1.000000
1403715378.462142944 -0.146014 0.419400 1.561748 0.000000 0.000000 0.000000 1.000000
1403715378.512143135 -0.144058 0.419838 1.566980 0.000000 0.000000 0.000000 1.000000
1403715378.562143087 -0.142962 0.420084 1.569856 0.000000 0.000000 0.000000 1.000000
1403715378.612143040 -0.141382 0.423710 1.573418 0.000000 0.000000 0.000000 1.000000
1403715378.662142992 -0.140489 0.425712 1.575378 0.000000 0.000000 0.000000 1.000000
1403715378.712143183 -0.139075 0.430295 1.578424 0.000000 0.000000 0.000000 1.000000
1403715378.762142897 -0.138265 0.432828 1.580102 0.000000 0.000000 0.000000 1.000000
1403715378.812143087 -0.136453 0.433154 1.584281 0.000000 0.000000 0.000000 1.000000
1403715378.862143040 -0.135423 0.433350 1.586584 0.000000 0.000000 0.000000 1.000000
1403715378.912142992 -0.133011 0.432236 1.591316 0.000000 0.000000 0.000000 1.000000
1403715378.962142944 -0.130275 0.434355 1.595869 0.000000 0.000000 0.000000 1.000000
1403715379.012143135 -0.128763 0.435548 1.598386 0.000000 0.000000 0.000000 1.000000
1403715379.062143087 -0.127924 0.436221 1.599778 0.000000 0.000000 0.000000 1.000000
1403715379.112143040 -0.127456 0.436614 1.600554 0.000000 0.000000 0.000000 1.000000
1403715379.162142992 -0.127193 0.436853 1.600992 0.000000 0.000000 0.000000 1.000000
1403715379.212143183 -0.127040 0.437000 1.601239 0.000000 0.000000 0.000000 1.000000
1403715379.262142897 -0.126946 0.437094 1.601381 0.000000 0.000000 0.000000 1.000000
1403715379.312143087 -0.126884 0.437160 1.601465 0.000000 0.000000 0.000000 1.000000
1403715379.362143040 -0.126840 0.437215 1.601520 0.000000 0.000000 0.000000 1.000000
1403715379.412142992 -0.126805 0.437261 1.601557 0.000000 0.000000 0.000000 1.000000
1403715379.462142944 -0.126770 0.437299 1.601583 0.000000 0.000000 0.000000 1.000000
1403715379.512143135 -0.126736 0.437335 1.601603 0.000000 0.000000 0.000000 1.000000
1403715379.562143087 -0.126103 0.441299 1.603154 0.000000 0.000000 0.000000 1.000000
1403715379.612143040 -0.125575 0.447662 1.605856 0.000000 0.000000 0.000000 1.000000
1403715379.662142992 -0.121939 0.453991 1.608142 0.000000 0.000000 0.000000 1.000000
1403715379.712143183 -0.119932 0.457504 1.609416 0.000000 0.000000 0.000000 1.000000
1403715379.762142897 -0.118830 0.459470 1.610134 0.000000 0.000000 0.000000 1.000000
1403715379.812143087 -0.116215 0.464022 1.611655 0.000000 0.000000 0.000000 1.000000
1403715379.862143040 -0.114798 0.466573 1.612518 0.000000 0.000000 0.000000 1.000000
1403715379.912142992 -0.114045 0.468027 1.613021 0.000000 0.000000 0.000000 1.000000
1403715379.962142944 -0.113624 0.470676 1.609569 0.000000 0.000000 0.000000 1.000000
1403715380.012143135 -0.108943 0.474172 1.608173 0.000000 0.000000 0.000000 1.000000
1403715380.062143087 -0.104852 0.479922 1.608636 0.000000 0.000000 0.000000 1.000000
1403715380.112143040 -0.102653 0.483142 1.608922 0.000000 0.000000 0.000000 1.000000
1403715380.162142992 -0.101505 0.484978 1.609116 0.000000 0.000000 0.000000 1.000000
1403715380.212143183 -0.100203 0.490047 1.610161 0.000000 0.000000 0.000000 1.000000
1403715380.262142897 -0.095411 0.495560 1.611164 0.000000 0.000000 0.000000 1.000000
1403715380.312143087 -0.092787 0.498649 1.611744 0.000000 0.000000 0.000000 1.000000
1403715380.362143040 -0.090438 0.501741 1.608408 0.000000 0.000000 0.000000 1.000000
1403715380.412142992 -0.087667 0.508004 1.607670 0.000000 0.000000 0.000000 1.000000
1403715380.462142944 -0.084754 0.515176 1.608415 0.000000 0.000000 0.000000 1.000000
1403715380.512143135 -0.081740 0.522780 1.610145 0.000000 0.000000 0.000000 1.000000
1403715380.562143087 -0.076154 0.529828 1.611854 0.000000 0.000000 0.000000 1.000000
1403715380.612143040 -0.069357 0.536448 1.613645 0.000000 0.000000 0.000000 1.000000
1403715380.662142992 -0.062241 0.543200 1.615793 0.000000 0.000000 0.000000 1.000000
1403715380.712143183 -0.058300 0.545759 1.620423 0.000000 0.000000 0.000000 1.000000
1403715380.762142897 -0.054571 0.550908 1.623927 0.000000 0.000000 0.000000 1.000000
1403715380.812143087 -0.051726 0.557757 1.626742 0.000000 0.000000 0.000000 1.000000
1403715380.862143040 -0.050145 0.561574 1.628311 0.000000 0.000000 0.000000 1.000000
1403715380.912142992 -0.046392 0.566263 1.629573 0.000000 0.000000 0.000000 1.000000
1403715380.962142944 -0.042495 0.572083 1.631110 0.000000 0.000000 0.000000 1.000000
1403715381.012143135 -0.037521 0.578982 1.633545 0.000000 0.000000 0.000000 1.000000
1403715381.062143087 -0.032519 0.585760 1.636050 0.000000 0.000000 0.000000 1.000000
1403715381.112143040 -0.028094 0.593797 1.639113 0.000000 0.000000 0.000000 1.000000
1403715381.162142992 -0.021959 0.601300 1.641801 0.000000 0.000000 0.000000 1.000000
1403715381.212143183 -0.018587 0.605482 1.643306 0.000000 0.000000 0.000000 1.000000
1403715381.262142897 -0.014485 0.611259 1.645209 0.000000 0.000000 0.000000 1.000000
1403715381.312143087 -0.009920 0.617694 1.647525 0.000000 0.000000 0.000000 1.000000
1403715381.362143040 -0.004074 0.624412 1.649871 0.000000 0.000000 0.000000 1.000000
1403715381.412142992 -0.000863 0.628154 1.651184 0.000000 0.000000 0.000000 1.000000
1403715381.462142944 0.004262 0.632481 1.652370 0.000000 0.000000 0.000000 1.000000
1403715381.512143135 0.009139 0.638051 1.654418 0.000000 0.000000 0.000000 1.000000
1403715381.562143087 0.011843 0.641135 1.655551 0.000000 0.000000 0.000000 1.000000
1403715381.612143040 0.015984 0.645699 1.657403 0.000000 0.000000 0.000000 1.000000
1403715381.662142992 0.018301 0.648217 1.658419 0.000000 0.000000 0.000000 1.000000
1403715381.712143183 0.019631 0.649603 1.658969 0.000000 0.000000 0.000000 1.000000
1403715381.762142897 0.020881 0.649568 1.663931 0.000000 0.000000 0.000000 1.000000
1403715381.812143087 0.021819 0.650851 1.661922 0.000000 0.000000 0.000000 1.000000
1403715381.862143040 0.022821 0.650628 1.664843 0.000000 0.000000 0.000000 1.000000
1403715381.912142992 0.023428 0.650511 1.666443 0.000000 0.000000 0.000000 1.000000
1403715381.962142944 0.024152 0.648320 1.671743 0.000000 0.000000 0.000000 1.000000
1403715382.012143135 0.024554 0.647138 1.674670 0.000000 0.000000 0.000000 1.000000
1403715382.062143087 0.024752 0.646487 1.676282 0.000000 0.000000 0.000000 1.000000
1403715382.112143040 0.024842 0.646132 1.677174 0.000000 0.000000 0.000000 1.000000
1403715382.162142992 0.024873 0.645935 1.677667 0.000000 0.000000 0.000000 1.000000
1403715382.212143183 0.024868 0.645828 1.677943 0.000000 0.000000 0.000000 1.000000
1403715382.262142897 0.024839 0.645768 1.678100 0.000000 0.000000 0.000000 1.000000
1403715382.312143087 0.024988 0.643736 1.682679 0.000000 0.000000 0.000000 1.000000
1403715382.362143040 0.025035 0.642613 1.685203 0.000000 0.000000 0.000000 1.000000
1403715382.412142992 0.025020 0.641993 1.686601 0.000000 0.000000 0.000000 1.000000
1403715382.462142944 0.024982 0.641642 1.687372 0.000000 0.000000 0.000000 1.000000
1403715382.512143135 0.024939 0.641443 1.687799 0.000000 0.000000 0.000000 1.000000
1403715382.562143087 0.024898 0.641333 1.688039 0.000000 0.000000 0.000000 1.000000
1403715382.612143040 0.024857 0.641271 1.688176 0.000000 0.000000 0.000000 1.000000
1403715382.662142992 0.024816 0.641233 1.688256 0.000000 0.000000 0.000000 1.000000
1403715382.712143183 0.024777 0.641209 1.688304 0.000000 0.000000 0.000000 1.000000
1403715382.762142897 0.024731 0.641184 1.688332 0.000000 0.000000 0.000000 1.000000
1403715382.812143087 0.024685 0.641162 1.688351 0.000000 0.000000 0.000000 1.000000
1403715382.862143040 0.024637 0.641143 1.688367 0.000000 0.000000 0.000000 1.000000
1403715382.912142992 0.024589 0.641126 1.688380 0.000000 0.000000 0.000000 1.000000
1403715382.962142944 0.025673 0.644694 1.689545 0.000000 0.000000 0.000000 1.000000
1403715383.012143135 0.026252 0.646655 1.690191 0.000000 0.000000 0.000000 1.000000
1403715383.062143087 0.026552 0.647731 1.690553 0.000000 0.000000 0.000000 1.000000
1403715383.112143040 0.026695 0.648326 1.690764 0.000000 0.000000 0.000000 1.000000
1403715383.162142992 0.031102 0.650069 1.689015 0.000000 0.000000 0.000000 1.000000
1403715383.212143183 0.036738 0.652634 1.687101 0.000000 0.000000 0.000000 1.000000
1403715383.262142897 0.039856 0.654069 1.686052 0.000000 0.000000 0.000000 1.000000
1403715383.312143087 0.041576 0.654896 1.685492 0.000000 0.000000 0.000000 1.000000
1403715383.362143040 0.045163 0.658545 1.684981 0.000000 0.000000 0.000000 1.000000
1403715383.412142992 0.049476 0.663662 1.684989 0.000000 0.000000 0.000000 1.000000
1403715383.462142944 0.051848 0.666518 1.685016 0.000000 0.000000 0.000000 1.000000
1403715383.512143135 0.054862 0.671891 1.685994 0.000000 0.000000 0.000000 1.000000
1403715383.562143087 0.059526 0.678060 1.686329 0.000000 0.000000 0.000000 1.000000
1403715383.612143040 0.062061 0.681468 1.686536 0.000000 0.000000 0.000000 1.000000
1403715383.662142992 0.063436 0.683348 1.686663 0.000000 0.000000 0.000000 1.000000
1403715383.712143183 0.064171 0.684383 1.686745 0.000000 0.000000 0.000000 1.000000
1403715383.762142897 0.064547 0.684948 1.686803 0.000000 0.000000 0.000000 1.000000
1403715383.812143087 0.064719 0.685252 1.686850 0.000000 0.000000 0.000000 1.000000
1403715383.862143040 0.064771 0.685404 1.686893 0.000000 0.000000 0.000000 1.000000
1403715383.912142992 0.064747 0.685470 1.686939 0.000000 0.000000 0.000000 1.000000
1403715383.962142944 0.064671 0.685476 1.686986 0.000000 0.000000 0.000000 1.000000
1403715384.012143135 0.064570 0.685450 1.687035 0.000000 0.000000 0.000000 1.000000
1403715384.062143087 0.064447 0.685402 1.687087 0.000000 0.000000 0.000000 1.000000
1403715384.112143040 0.064312 0.685342 1.687144 0.000000 0.000000 0.000000 1.000000
1403715384.162142992 0.064172 0.685276 1.687203 0.000000 0.000000 0.000000 1.000000
1403715384.212143183 0.064033 0.685205 1.687264 0.000000 0.000000 0.000000 1.000000
1403715384.262142897 0.063896 0.685139 1.687327 0.000000 0.000000 0.000000 1.000000
1403715384.312143087 0.063764 0.685075 1.687392 0.000000 0.000000 0.000000 1.000000
1403715384.362143040 0.063630 0.685009 1.687460 0.000000 0.000000 0.000000 1.000000
1403715384.412142992 0.063498 0.684940 1.687529 0.000000 0.000000 0.000000 1.000000
1403715384.462142944 0.063370 0.684867 1.687597 0.000000 0.000000 0.000000 1.000000
1403715384.512143135 0.063247 0.684792 1.687663 0.000000 0.000000 0.000000 1.000000
1403715384.562143087 0.063123 0.684700 1.687723 0.000000 0.000000 0.000000 1.000000
1403715384.612143040 0.063002 0.684605 1.687784 0.000000 0.000000 0.000000 1.000000
1403715384.662142992 0.062880 0.684501 1.687844 0.000000 0.000000 0.000000 1.000000
1403715384.712143183 0.062758 0.684383 1.687901 0.000000 0.000000 0.000000 1.000000
1403715384.762142897 0.062638 0.684274 1.687962 0.000000 0.000000 0.000000 1.000000
1403715384.812143087 0.064027 0.682651 1.692428 0.000000 0.000000 0.000000 1.000000
1403715384.862143040 0.064742 0.681715 1.694914 0.000000 0.000000 0.000000 1.000000
1403715384.912142992 0.065090 0.681165 1.696312 0.000000 0.000000 0.000000 1.000000
1403715384.962142944 0.065241 0.680838 1.697112 0.000000 0.000000 0.000000 1.000000
1403715385.012143135 0.065286 0.680630 1.697581 0.000000 0.000000 0.000000 1.000000
1403715385.062143087 0.065277 0.680480 1.697859 0.000000 0.000000 0.000000 1.000000
1403715385.112143040 0.065236 0.680356 1.698032 0.000000 0.000000 0.000000 1.000000
1403715385.162142992 0.065174 0.680243 1.698147 0.000000 0.000000 0.000000 1.000000
1403715385.212143183 0.065102 0.680134 1.698230 0.000000 0.000000 0.000000 1.000000
1403715385.262142897 0.065031 0.680036 1.698292 0.000000 0.000000 0.000000 1.000000
1403715385.312143087 0.064968 0.679951 1.698337 0.000000 0.000000 0.000000 1.000000
1403715385.362143040 0.064914 0.679886 1.698375 0.000000 0.000000 0.000000 1.000000
1403715385.412142992 0.064872 0.679835 1.698401 0.000000 0.000000 0.000000 1.000000
1403715385.462142944 0.064831 0.679798 1.698432 0.000000 0.000000 0.000000 1.000000
1403715385.512143135 0.064783 0.679775 1.698478 0.000000 0.000000 0.000000 1.000000
1403715385.562143087 0.064730 0.679763 1.698537 0.000000 0.000000 0.000000 1.000000
1403715385.612143040 0.064669 0.679765 1.698611 0.000000 0.000000 0.000000 1.000000
1403715385.662142992 0.064610 0.679763 1.698685 0.000000 0.000000 0.000000 1.000000
1403715385.712143183 0.064552 0.679764 1.698759 0.000000 0.000000 0.000000 1.000000
1403715385.762142897 0.064501 0.679763 1.698824 0.000000 0.000000 0.000000 1.000000
1403715385.812143087 0.064449 0.679764 1.698893 0.000000 0.000000 0.000000 1.000000
1403715385.862143040 0.064395 0.679760 1.698962 0.000000 0.000000 0.000000 1.000000
1403715385.912142992 0.064332 0.679751 1.699042 0.000000 0.000000 0.000000 1.000000
1403715385.962142944 0.064253 0.679719 1.699132 0.000000 0.000000 0.000000 1.000000
1403715386.012143135 0.064180 0.679639 1.699187 0.000000 0.000000 0.000000 1.000000
1403715386.062143087 0.064130 0.679544 1.699202 0.000000 0.000000 0.000000 1.000000
1403715386.112143040 0.060078 0.679549 1.697760 0.000000 0.000000 0.000000 1.000000
1403715386.162142992 0.054302 0.678186 1.696109 0.000000 0.000000 0.000000 1.000000
1403715386.212143183 0.051124 0.677414 1.695190 0.000000 0.000000 0.000000 1.000000
1403715386.262142897 0.049373 0.676974 1.694680 0.000000 0.000000 0.000000 1.000000
1403715386.312143087 0.048404 0.676718 1.694400 0.000000 0.000000 0.000000 1.000000
1403715386.362143040 0.047860 0.676565 1.694252 0.000000 0.000000 0.000000 1.000000
1403715386.412142992 0.047544 0.676466 1.694185 0.000000 0.000000 0.000000 1.000000
1403715386.462142944 0.047353 0.676400 1.694162 0.000000 0.000000 0.000000 1.000000
1403715386.512143135 0.047230 0.676353 1.694166 0.000000 0.000000 0.000000 1.000000
1403715386.562143087 0.047154 0.676324 1.694177 0.000000 0.000000 0.000000 1.000000
1403715386.612143040 0.047105 0.676302 1.694188 0.000000 0.000000 0.000000 1.000000
1403715386.662142992 0.047069 0.676287 1.694204 0.000000 0.000000 0.000000 1.000000
1403715386.712143183 0.047043 0.676274 1.694219 0.000000 0.000000 0.000000 1.000000
1403715386.762142897 0.047018 0.676249 1.694231 0.000000 0.000000 0.000000 1.000000
1403715386.812143087 0.046998 0.676183 1.694217 0.000000 0.000000 0.000000 1.000000
1403715386.862143040 0.046979 0.676095 1.694194 0.000000 0.000000 0.000000 1.000000
1403715386.912142992 0.046962 0.676000 1.694165 0.000000 0.000000 0.000000 1.000000
1403715386.962142944 0.046949 0.675909 1.694132 0.000000 0.000000 0.000000 1.000000
1403715387.012143135 0.046942 0.675826 1.694097 0.000000 0.000000 0.000000 1.000000
1403715387.062143087 0.046941 0.675753 1.694059 0.000000 0.000000 0.000000 1.000000
1403715387.112143040 0.046948 0.675685 1.694014 0.000000 0.000000 0.000000 1.000000
1403715387.162142992 0.048942 0.673944 1.698153 0.000000 0.000000 0.000000 1.000000
1403715387.212143183 0.048540 0.669385 1.699224 0.000000 0.000000 0.000000 1.000000
1403715387.262142897 0.046402 0.663597 1.699727 0.000000 0.000000 0.000000 1.000000
1403715387.312143087 0.047327 0.658955 1.704207 0.000000 0.000000 0.000000 1.000000
1403715387.362143040 0.046180 0.652602 1.705945 0.000000 0.000000 0.000000 1.000000
1403715387.412142992 0.045555 0.649077 1.706880 0.000000 0.000000 0.000000 1.000000
1403715387.462142944 0.045215 0.647110 1.707374 0.000000 0.000000 0.000000 1.000000
1403715387.512143135 0.043716 0.642369 1.706964 0.000000 0.000000 0.000000 1.000000
1403715387.562143087 0.042899 0.639733 1.706715 0.000000 0.000000 0.000000 1.000000
1403715387.612143040 0.042454 0.638248 1.706556 0.000000 0.000000 0.000000 1.000000
1403715387.662142992 0.042213 0.637400 1.706448 0.000000 0.000000 0.000000 1.000000
1403715387.712143183 0.043018 0.634410 1.710508 0.000000 0.000000 0.000000 1.000000
1403715387.762142897 0.040721 0.630898 1.714875 0.000000 0.000000 0.000000 1.000000
1403715387.812143087 0.036080 0.627137 1.715406 0.000000 0.000000 0.000000 1.000000
1403715387.862143040 0.031189 0.622706 1.717311 0.000000 0.000000 0.000000 1.000000
1403715387.912142992 0.025729 0.617866 1.720703 0.000000 0.000000 0.000000 1.000000
1403715387.962142944 0.019965 0.612481 1.725300 0.000000 0.000000 0.000000 1.000000
1403715388.012143135 0.013948 0.606926 1.729691 0.000000 0.000000 0.000000 1.000000
1403715388.062143087 0.007962 0.600913 1.732955 0.000000 0.000000 0.000000 1.000000
1403715388.112143040 0.001738 0.595354 1.737270 0.000000 0.000000 0.000000 1.000000
1403715388.162142992 -0.003000 0.587705 1.738458 0.000000 0.000000 0.000000 1.000000
1403715388.212143183 -0.008305 0.580328 1.740099 0.000000 0.000000 0.000000 1.000000
1403715388.262142897 -0.014262 0.574439 1.743496 0.000000 0.000000 0.000000 1.000000
1403715388.312143087 -0.019261 0.567517 1.745146 0.000000 0.000000 0.000000 1.000000
1403715388.362143040 -0.023546 0.559648 1.745562 0.000000 0.000000 0.000000 1.000000
1403715388.412142992 -0.027443 0.551520 1.745383 0.000000 0.000000 0.000000 1.000000
1403715388.462142944 -0.031757 0.543391 1.744610 0.000000 0.000000 0.000000 1.000000
1403715388.512143135 -0.035420 0.534770 1.743545 0.000000 0.000000 0.000000 1.000000
1403715388.562143087 -0.039234 0.526436 1.743068 0.000000 0.000000 0.000000 1.000000
1403715388.612143040 -0.043261 0.517933 1.742923 0.000000 0.000000 0.000000 1.000000
1403715388.662142992 -0.048015 0.509558 1.743229 0.000000 0.000000 0.000000 1.000000
1403715388.712143183 -0.053144 0.502072 1.745160 0.000000 0.000000 0.000000 1.000000
1403715388.762142897 -0.057479 0.494261 1.746106 0.000000 0.000000 0.000000 1.000000
1403715388.812143087 -0.062154 0.486522 1.746715 0.000000 0.000000 0.000000 1.000000
1403715388.862143040 -0.066261 0.478408 1.746920 0.000000 0.000000 0.000000 1.000000
1403715388.912142992 -0.071010 0.470117 1.747387 0.000000 0.000000 0.000000 1.000000
1403715388.962142944 -0.075244 0.461571 1.747581 0.000000 0.000000 0.000000 1.000000
1403715389.012143135 -0.080152 0.453105 1.747809 0.000000 0.000000 0.000000 1.000000
1403715389.062143087 -0.085484 0.445498 1.748534 0.000000 0.000000 0.000000 1.000000
1403715389.112143040 -0.091657 0.438699 1.750563 0.000000 0.000000 0.000000 1.000000
1403715389.162142992 -0.097977 0.431832 1.752589 0.000000 0.000000 0.000000 1.000000
1403715389.212143183 -0.104359 0.425027 1.754440 0.000000 0.000000 0.000000 1.000000
1403715389.262142897 -0.110828 0.418221 1.757076 0.000000 0.000000 0.000000 1.000000
1403715389.312143087 -0.117813 0.411543 1.760490 0.000000 0.000000 0.000000 1.000000
1403715389.362143040 -0.124403 0.405195 1.763620 0.000000 0.000000 0.000000 1.000000
1403715389.412142992 -0.129544 0.398163 1.765334 0.000000 0.000000 0.000000 1.000000
1403715389.462142944 -0.134996 0.391063 1.766479 0.000000 0.000000 0.000000 1.000000
1403715389.512143135 -0.139900 0.383970 1.767484 0.000000 0.000000 0.000000 1.000000
1403715389.562143087 -0.143070 0.376191 1.767118 0.000000 0.000000 0.000000 1.000000
1403715389.612143040 -0.144827 0.371895 1.766922 0.000000 0.000000 0.000000 1.000000
1403715389.662142992 -0.146711 0.365627 1.766266 0.000000 0.000000 0.000000 1.000000
1403715389.712143183 -0.149893 0.359188 1.766660 0.000000 0.000000 0.000000 1.000000
1403715389.762142897 -0.151629 0.355648 1.766867 0.000000 0.000000 0.000000 1.000000
1403715389.812143087 -0.152561 0.353716 1.766968 0.000000 0.000000 0.000000 1.000000
1403715389.862143040 -0.153045 0.352667 1.767006 0.000000 0.000000 0.000000 1.000000
1403715389.912142992 -0.153273 0.352104 1.767003 0.000000 0.000000 0.000000 1.000000
1403715389.962142944 -0.153354 0.351808 1.766974 0.000000 0.000000 0.000000 1.000000
1403715390.012143135 -0.153348 0.351658 1.766926 0.000000 0.000000 0.000000 1.000000
1403715390.062143087 -0.153292 0.351590 1.766867 0.000000 0.000000 0.000000 1.000000
1403715390.112143040 -0.155583 0.348273 1.767931 0.000000 0.000000 0.000000 1.000000
1403715390.162142992 -0.156791 0.346465 1.768486 0.000000 0.000000 0.000000 1.000000
1403715390.212143183 -0.159891 0.342264 1.769458 0.000000 0.000000 0.000000 1.000000
1403715390.262142897 -0.161541 0.339971 1.769964 0.000000 0.000000 0.000000 1.000000
1403715390.312143087 -0.162394 0.338738 1.770218 0.000000 0.000000 0.000000 1.000000
1403715390.362143040 -0.162807 0.338089 1.770333 0.000000 0.000000 0.000000 1.000000
1403715390.412142992 -0.166493 0.336451 1.768228 0.000000 0.000000 0.000000 1.000000
1403715390.462142944 -0.170263 0.332792 1.766969 0.000000 0.000000 0.000000 1.000000
1403715390.512143135 -0.172278 0.330811 1.766255 0.000000 0.000000 0.000000 1.000000
1403715390.562143087 -0.177174 0.328290 1.763068 0.000000 0.000000 0.000000 1.000000
1403715390.612143040 -0.181469 0.326333 1.758362 0.000000 0.000000 0.000000 1.000000
1403715390.662142992 -0.183772 0.325299 1.755757 0.000000 0.000000 0.000000 1.000000
1403715390.712143183 -0.187354 0.322233 1.754025 0.000000 0.000000 0.000000 1.000000
1403715390.762142897 -0.189288 0.320616 1.753072 0.000000 0.000000 0.000000 1.000000
1403715390.812143087 -0.187644 0.320800 1.755079 0.000000 0.000000 0.000000 1.000000
1403715390.862143040 -0.186694 0.320930 1.756170 0.000000 0.000000 0.000000 1.000000
1403715390.912142992 -0.186136 0.321002 1.756756 0.000000 0.000000 0.000000 1.000000
1403715390.962142944 -0.185804 0.321028 1.757066 0.000000 0.000000 0.000000 1.000000
1403715391.012143135 -0.185602 0.321024 1.757225 0.000000 0.000000 0.000000 1.000000
1403715391.062143087 -0.185465 0.321004 1.757298 0.000000 0.000000 0.000000 1.000000
1403715391.112143040 -0.185356 0.320979 1.757322 0.000000 0.000000 0.000000 1.000000
1403715391.162142992 -0.185267 0.321001 1.757331 0.000000 0.000000 0.000000 1.000000
1403715391.212143183 -0.188721 0.320780 1.754408 0.000000 0.000000 0.000000 1.000000
1403715391.262142897 -0.190662 0.320649 1.752816 0.000000 0.000000 0.000000 1.000000
1403715391.312143087 -0.191755 0.320547 1.751944 0.000000 0.000000 0.000000 1.000000
1403715391.362143040 -0.192364 0.320459 1.751462 0.000000 0.000000 0.000000 1.000000
1403715391.412142992 -0.194519 0.317961 1.748974 0.000000 0.000000 0.000000 1.000000
1403715391.462142944 -0.195705 0.316567 1.747602 0.000000 0.000000 0.000000 1.000000
1403715391.512143135 -0.198604 0.313903 1.744446 0.000000 0.000000 0.000000 1.000000
1403715391.562143087 -0.202593 0.310789 1.740480 0.000000 0.000000 0.000000 1.000000
1403715391.612143040 -0.206741 0.309460 1.734900 0.000000 0.000000 0.000000 1.000000
1403715391.662142992 -0.212215 0.307913 1.729660 0.000000 0.000000 0.000000 1.000000
1403715391.712143183 -0.217859 0.305767 1.724506 0.000000 0.000000 0.000000 1.000000
1403715391.762142897 -0.220967 0.304542 1.721665 0.000000 0.000000 0.000000 1.000000
1403715391.812143087 -0.222643 0.303829 1.720082 0.000000 0.000000 0.000000 1.000000
1403715391.862143040 -0.223515 0.303413 1.719190 0.000000 0.000000 0.000000 1.000000
1403715391.912142992 -0.223949 0.303158 1.718678 0.000000 0.000000 0.000000 1.000000
1403715391.962142944 -0.227598 0.300453 1.718779 0.000000 0.000000 0.000000 1.000000
1403715392.012143135 -0.233488 0.297169 1.719549 0.000000 0.000000 0.000000 1.000000
1403715392.062143087 -0.240011 0.292945 1.720220 0.000000 0.000000 0.000000 1.000000
1403715392.112143040 -0.246830 0.287892 1.720644 0.000000 0.000000 0.000000 1.000000
1403715392.162142992 -0.253948 0.282401 1.721046 0.000000 0.000000 0.000000 1.000000
1403715392.212143183 -0.261361 0.276889 1.721547 0.000000 0.000000 0.000000 1.000000
1403715392.262142897 -0.269208 0.272956 1.722387 0.000000 0.000000 0.000000 1.000000
1403715392.312143087 -0.273575 0.270753 1.722856 0.000000 0.000000 0.000000 1.000000
1403715392.362143040 -0.277751 0.265435 1.722482 0.000000 0.000000 0.000000 1.000000
1403715392.412142992 -0.280167 0.262514 1.722309 0.000000 0.000000 0.000000 1.000000
1403715392.462142944 -0.286060 0.262350 1.723351 0.000000 0.000000 0.000000 1.000000
1403715392.512143135 -0.289855 0.260977 1.719881 0.000000 0.000000 0.000000 1.000000
1403715392.562143087 -0.291873 0.260284 1.717966 0.000000 0.000000 0.000000 1.000000
1403715392.612143040 -0.292508 0.258942 1.712110 0.000000 0.000000 0.000000 1.000000
1403715392.662142992 -0.293164 0.260325 1.704613 0.000000 0.000000 0.000000 1.000000
1403715392.712143183 -0.293466 0.261133 1.700484 0.000000 0.000000 0.000000 1.000000
1403715392.762142897 -0.293577 0.261611 1.698208 0.000000 0.000000 0.000000 1.000000
1403715392.812143087 -0.295646 0.259373 1.694389 0.000000 0.000000 0.000000 1.000000
1403715392.862143040 -0.296722 0.258156 1.692281 0.000000 0.000000 0.000000 1.000000
1403715392.912142992 -0.297254 0.257509 1.691115 0.000000 0.000000 0.000000 1.000000
1403715392.962142944 -0.299814 0.254352 1.690197 0.000000 0.000000 0.000000 1.000000
1403715393.012143135 -0.301169 0.252642 1.689689 0.000000 0.000000 0.000000 1.000000
1403715393.062143087 -0.301861 0.251739 1.689411 0.000000 0.000000 0.000000 1.000000
1403715393.112143040 -0.302190 0.251276 1.689258 0.000000 0.000000 0.000000 1.000000
1403715393.162142992 -0.302318 0.251062 1.689177 0.000000 0.000000 0.000000 1.000000
1403715393.212143183 -0.302337 0.250984 1.689135 0.000000 0.000000 0.000000 1.000000
1403715393.262142897 -0.302283 0.251001 1.689120 0.000000 0.000000 0.000000 1.000000
1403715393.312143087 -0.302201 0.251070 1.689120 0.000000 0.000000 0.000000 1.000000
1403715393.362143040 -0.302103 0.251169 1.689130 0.000000 0.000000 0.000000 1.000000
1403715393.412142992 -0.301997 0.251278 1.689146 0.000000 0.000000 0.000000 1.000000
1403715393.462142944 -0.301889 0.251387 1.689164 0.000000 0.000000 0.000000 1.000000
1403715393.512143135 -0.301785 0.251505 1.689185 0.000000 0.000000 0.000000 1.000000
1403715393.562143087 -0.301680 0.251624 1.689210 0.000000 0.000000 0.000000 1.000000
1403715393.612143040 -0.302938 0.253108 1.693567 0.000000 0.000000 0.000000 1.000000
1403715393.662142992 -0.303584 0.254014 1.695983 0.000000 0.000000 0.000000 1.000000
1403715393.712143183 -0.303879 0.254612 1.697335 0.000000 0.000000 0.000000 1.000000
1403715393.762142897 -0.303979 0.255047 1.698103 0.000000 0.000000 0.000000 1.000000
1403715393.812143087 -0.303962 0.255384 1.698549 0.000000 0.000000 0.000000 1.000000
1403715393.862143040 -0.303885 0.255670 1.698819 0.000000 0.000000 0.000000 1.000000
1403715393.912142992 -0.303778 0.255908 1.698989 0.000000 0.000000 0.000000 1.000000
1403715393.962142944 -0.302374 0.259290 1.699384 0.000000 0.000000 0.000000 1.000000
1403715394.012143135 -0.300705 0.265094 1.699906 0.000000 0.000000 0.000000 1.000000
1403715394.062143087 -0.299731 0.268377 1.700218 0.000000 0.000000 0.000000 1.000000
1403715394.112143040 -0.299133 0.270269 1.700413 0.000000 0.000000 0.000000 1.000000
1403715394.162142992 -0.297893 0.274856 1.700760 0.000000 0.000000 0.000000 1.000000
1403715394.212143183 -0.297147 0.277464 1.700977 0.000000 0.000000 0.000000 1.000000
1403715394.262142897 -0.296673 0.278984 1.701124 0.000000 0.000000 0.000000 1.000000
1403715394.312143087 -0.296482 0.278093 1.705194 0.000000 0.000000 0.000000 1.000000
1403715394.362143040 -0.296322 0.277692 1.707462 0.000000 0.000000 0.000000 1.000000
1403715394.412142992 -0.296630 0.281937 1.709263 0.000000 0.000000 0.000000 1.000000
1403715394.462142944 -0.296751 0.284366 1.710284 0.000000 0.000000 0.000000 1.000000
1403715394.512143135 -0.296766 0.285793 1.710877 0.000000 0.000000 0.000000 1.000000
1403715394.562143087 -0.294435 0.287223 1.706923 0.000000 0.000000 0.000000 1.000000
1403715394.612143040 -0.293100 0.288115 1.704786 0.000000 0.000000 0.000000 1.000000
1403715394.662142992 -0.293814 0.293296 1.703932 0.000000 0.000000 0.000000 1.000000
1403715394.712143183 -0.294143 0.296258 1.703507 0.000000 0.000000 0.000000 1.000000
1403715394.762142897 -0.293091 0.301648 1.704899 0.000000 0.000000 0.000000 1.000000
1403715394.812143087 -0.290783 0.308722 1.707745 0.000000 0.000000 0.000000 1.000000
1403715394.862143040 -0.287657 0.313250 1.705815 0.000000 0.000000 0.000000 1.000000
1403715394.912142992 -0.283857 0.319730 1.706742 0.000000 0.000000 0.000000 1.000000
1403715394.962142944 -0.281209 0.326838 1.708311 0.000000 0.000000 0.000000 1.000000
1403715395.012143135 -0.277943 0.331467 1.705835 0.000000 0.000000 0.000000 1.000000
1403715395.062143087 -0.275003 0.338368 1.706455 0.000000 0.000000 0.000000 1.000000
1403715395.112143040 -0.271743 0.346242 1.708639 0.000000 0.000000 0.000000 1.000000
1403715395.162142992 -0.269070 0.354409 1.711706 0.000000 0.000000 0.000000 1.000000
1403715395.212143183 -0.266250 0.363230 1.715304 0.000000 0.000000 0.000000 1.000000
1403715395.262142897 -0.264818 0.371260 1.718509 0.000000 0.000000 0.000000 1.000000
1403715395.312143087 -0.263738 0.379561 1.721369 0.000000 0.000000 0.000000 1.000000
1403715395.362143040 -0.263103 0.384238 1.723000 0.000000 0.000000 0.000000 1.000000
1403715395.412142992 -0.262714 0.386919 1.723952 0.000000 0.000000 0.000000 1.000000
1403715395.462142944 -0.259404 0.390298 1.721159 0.000000 0.000000 0.000000 1.000000
1403715395.512143135 -0.257013 0.395672 1.720998 0.000000 0.000000 0.000000 1.000000
1403715395.562143087 -0.255670 0.398731 1.720960 0.000000 0.000000 0.000000 1.000000
1403715395.612143040 -0.254908 0.400514 1.720986 0.000000 0.000000 0.000000 1.000000
1403715395.662142992 -0.254466 0.401587 1.721045 0.000000 0.000000 0.000000 1.000000
1403715395.712143183 -0.254187 0.402253 1.721126 0.000000 0.000000 0.000000 1.000000
1403715395.762142897 -0.254009 0.402703 1.721214 0.000000 0.000000 0.000000 1.000000
1403715395.812143087 -0.253249 0.406290 1.722101 0.000000 0.000000 0.000000 1.000000
1403715395.862143040 -0.252815 0.408343 1.722625 0.000000 0.000000 0.000000 1.000000
1403715395.912142992 -0.249212 0.410199 1.719663 0.000000 0.000000 0.000000 1.000000
1403715395.962142944 -0.247252 0.411293 1.718042 0.000000 0.000000 0.000000 1.000000
1403715396.012143135 -0.246216 0.411956 1.717142 0.000000 0.000000 0.000000 1.000000
1403715396.062143087 -0.248645 0.412050 1.720538 0.000000 0.000000 0.000000 1.000000
1403715396.112143040 -0.250029 0.412116 1.722379 0.000000 0.000000 0.000000 1.000000
1403715396.162142992 -0.250826 0.412155 1.723370 0.000000 0.000000 0.000000 1.000000
1403715396.212143183 -0.251285 0.412174 1.723900 0.000000 0.000000 0.000000 1.000000
1403715396.262142897 -0.251551 0.412171 1.724179 0.000000 0.000000 0.000000 1.000000
1403715396.312143087 -0.251671 0.412151 1.724342 0.000000 0.000000 0.000000 1.000000
1403715396.362143040 -0.251700 0.412112 1.724446 0.000000 0.000000 0.000000 1.000000
1403715396.412142992 -0.251693 0.412070 1.724512 0.000000 0.000000 0.000000 1.000000
1403715396.462142944 -0.251666 0.412036 1.724559 0.000000 0.000000 0.000000 1.000000
1403715396.512143135 -0.251628 0.412018 1.724602 0.000000 0.000000 0.000000 1.000000
1403715396.562143087 -0.251588 0.412027 1.724644 0.000000 0.000000 0.000000 1.000000
1403715396.612143040 -0.251546 0.412055 1.724689 0.000000 0.000000 0.000000 1.000000
1403715396.662142992 -0.251516 0.412120 1.724736 0.000000 0.000000 0.000000 1.000000
1403715396.712143183 -0.251489 0.412207 1.724786 0.000000 0.000000 0.000000 1.000000
1403715396.762142897 -0.251455 0.412303 1.724843 0.000000 0.000000 0.000000 1.000000
1403715396.812143087 -0.251417 0.412409 1.724907 0.000000 0.000000 0.000000 1.000000
1403715396.862143040 -0.251362 0.412503 1.724977 0.000000 0.000000 0.000000 1.000000
1403715396.912142992 -0.251299 0.412585 1.725050 0.000000 0.000000 0.000000 1.000000
1403715396.962142944 -0.251217 0.412643 1.725127 0.000000 0.000000 0.000000 1.000000
1403715397.012143135 -0.251122 0.412681 1.725208 0.000000 0.000000 0.000000 1.000000
1403715397.062143087 -0.248146 0.413843 1.722344 0.000000 0.000000 0.000000 1.000000
1403715397.112143040 -0.246468 0.414483 1.720800 0.000000 0.000000 0.000000 1.000000
1403715397.162142992 -0.245503 0.414834 1.719979 0.000000 0.000000 0.000000 1.000000
1403715397.212143183 -0.244979 0.414980 1.719507 0.000000 0.000000 0.000000 1.000000
1403715397.262142897 -0.244730 0.415043 1.719214 0.000000 0.000000 0.000000 1.000000
1403715397.312143087 -0.244627 0.415065 1.719025 0.000000 0.000000 0.000000 1.000000
1403715397.362143040 -0.244596 0.415059 1.718898 0.000000 0.000000 0.000000 1.000000
1403715397.412142992 -0.244592 0.415035 1.718813 0.000000 0.000000 0.000000 1.000000
1403715397.462142944 -0.244590 0.414999 1.718757 0.000000 0.000000 0.000000 1.000000
1403715397.512143135 -0.244586 0.414962 1.718722 0.000000 0.000000 0.000000 1.000000
1403715397.562143087 -0.244589 0.414917 1.718692 0.000000 0.000000 0.000000 1.000000
1403715397.612143040 -0.244601 0.414866 1.718659 0.000000 0.000000 0.000000 1.000000
1403715397.662142992 -0.244626 0.414801 1.718616 0.000000 0.000000 0.000000 1.000000
1403715397.712143183 -0.244674 0.414720 1.718555 0.000000 0.000000 0.000000 1.000000
1403715397.762142897 -0.244720 0.414623 1.718491 0.000000 0.000000 0.000000 1.000000
1403715397.812143087 -0.244765 0.414518 1.718425 0.000000 0.000000 0.000000 1.000000
1403715397.862143040 -0.244795 0.414409 1.718367 0.000000 0.000000 0.000000 1.000000
1403715397.912142992 -0.244805 0.414288 1.718318 0.000000 0.000000 0.000000 1.000000
1403715397.962142944 -0.244837 0.414142 1.718246 0.000000 0.000000 0.000000 1.000000
1403715398.012143135 -0.243485 0.413441 1.714238 0.000000 0.000000 0.000000 1.000000
1403715398.062143087 -0.244891 0.410989 1.709472 0.000000 0.000000 0.000000 1.000000
1403715398.112143040 -0.245684 0.409582 1.706817 0.000000 0.000000 0.000000 1.000000
1403715398.162142992 -0.243437 0.408248 1.701706 0.000000 0.000000 0.000000 1.000000
1403715398.212143183 -0.240196 0.406867 1.695484 0.000000 0.000000 0.000000 1.000000
1403715398.262142897 -0.236676 0.404521 1.688581 0.000000 0.000000 0.000000 1.000000
1403715398.312143087 -0.232772 0.401790 1.681907 0.000000 0.000000 0.000000 1.000000
1403715398.362143040 -0.228571 0.398680 1.675404 0.000000 0.000000 0.000000 1.000000
1403715398.412142992 -0.226254 0.396941 1.671824 0.000000 0.000000 0.000000 1.000000
1403715398.462142944 -0.224959 0.395954 1.669861 0.000000 0.000000 0.000000 1.000000
1403715398.512143135 -0.222196 0.394999 1.665559 0.000000 0.000000 0.000000 1.000000
1403715398.562143087 -0.220661 0.394442 1.663194 0.000000 0.000000 0.000000 1.000000
1403715398.612143040 -0.219821 0.394097 1.661879 0.000000 0.000000 0.000000 1.000000
1403715398.662142992 -0.216711 0.394191 1.657503 0.000000 0.000000 0.000000 1.000000
1403715398.712143183 -0.214989 0.394170 1.655082 0.000000 0.000000 0.000000 1.000000
1403715398.762142897 -0.214019 0.394091 1.653748 0.000000 0.000000 0.000000 1.000000
1403715398.812143087 -0.213462 0.394001 1.653019 0.000000 0.000000 0.000000 1.000000
1403715398.862143040 -0.213133 0.393920 1.652627 0.000000 0.000000 0.000000 1.000000
1403715398.912142992 -0.212938 0.393853 1.652416 0.000000 0.000000 0.000000 1.000000
1403715398.962142944 -0.212827 0.393809 1.652301 0.000000 0.000000 0.000000 1.000000
1403715399.012143135 -0.212762 0.393776 1.652238 0.000000 0.000000 0.000000 1.000000
1403715399.062143087 -0.212728 0.393771 1.652206 0.000000 0.000000 0.000000 1.000000
1403715399.112143040 -0.212699 0.393796 1.652205 0.000000 0.000000 0.000000 1.000000
1403715399.162142992 -0.212711 0.393841 1.652192 0.000000 0.000000 0.000000 1.000000
1403715399.212143183 -0.212728 0.393898 1.652185 0.000000 0.000000 0.000000 1.000000
1403715399.262142897 -0.212756 0.393960 1.652176 0.000000 0.000000 0.000000 1.000000
1403715399.312143087 -0.212758 0.394016 1.652187 0.000000 0.000000 0.000000 1.000000
1403715399.362143040 -0.212739 0.394074 1.652218 0.000000 0.000000 0.000000 1.000000
1403715399.412142992 -0.215407 0.394375 1.655561 0.000000 0.000000 0.000000 1.000000
1403715399.462142944 -0.214296 0.395943 1.659658 0.000000 0.000000 0.000000 1.000000
1403715399.512143135 -0.213666 0.396822 1.661930 0.000000 0.000000 0.000000 1.000000
1403715399.562143087 -0.213277 0.397319 1.663219 0.000000 0.000000 0.000000 1.000000
1403715399.612143040 -0.213013 0.397669 1.663989 0.000000 0.000000 0.000000 1.000000
1403715399.662142992 -0.212802 0.397907 1.664479 0.000000 0.000000 0.000000 1.000000
1403715399.712143183 -0.212654 0.398117 1.664796 0.000000 0.000000 0.000000 1.000000
1403715399.762142897 -0.212523 0.398259 1.665016 0.000000 0.000000 0.000000 1.000000
1403715399.812143087 -0.212421 0.398368 1.665169 0.000000 0.000000 0.000000 1.000000
1403715399.862143040 -0.211662 0.401872 1.667568 0.000000 0.000000 0.000000 1.000000
1403715399.912142992 -0.211231 0.403818 1.668903 0.000000 0.000000 0.000000 1.000000
1403715399.962142944 -0.210998 0.404916 1.669642 0.000000 0.000000 0.000000 1.000000
1403715400.012143135 -0.210877 0.405533 1.670048 0.000000 0.000000 0.000000 1.000000
1403715400.062143087 -0.210822 0.405863 1.670260 0.000000 0.000000 0.000000 1.000000
1403715400.112143040 -0.210844 0.409666 1.671573 0.000000 0.000000 0.000000 1.000000
1403715400.162142992 -0.210864 0.411744 1.672286 0.000000 0.000000 0.000000 1.000000
1403715400.212143183 -0.210885 0.412864 1.672664 0.000000 0.000000 0.000000 1.000000
1403715400.262142897 -0.210899 0.413429 1.672857 0.000000 0.000000 0.000000 1.000000
1403715400.312143087 -0.210929 0.413717 1.672941 0.000000 0.000000 0.000000 1.000000
1403715400.362143040 -0.210978 0.413866 1.672962 0.000000 0.000000 0.000000 1.000000
1403715400.412142992 -0.211035 0.413943 1.672952 0.000000 0.000000 0.000000 1.000000
1403715400.462142944 -0.211074 0.413963 1.672935 0.000000 0.000000 0.000000 1.000000
1403715400.512143135 -0.211114 0.413975 1.672914 0.000000 0.000000 0.000000 1.000000
1403715400.562143087 -0.211160 0.413986 1.672889 0.000000 0.000000 0.000000 1.000000
1403715400.612143040 -0.211210 0.413994 1.672861 0.000000 0.000000 0.000000 1.000000
1403715400.662142992 -0.211273 0.414000 1.672827 0.000000 0.000000 0.000000 1.000000
1403715400.712143183 -0.211344 0.414004 1.672789 0.000000 0.000000 0.000000 1.000000
1403715400.762142897 -0.211420 0.414007 1.672750 0.000000 0.000000 0.000000 1.000000
1403715400.812143087 -0.211488 0.414010 1.672716 0.000000 0.000000 0.000000 1.000000
1403715400.862143040 -0.211234 0.417481 1.673770 0.000000 0.000000 0.000000 1.000000
1403715400.912142992 -0.210562 0.417122 1.671327 0.000000 0.000000 0.000000 1.000000
1403715400.962142944 -0.210230 0.416936 1.669973 0.000000 0.000000 0.000000 1.000000
1403715401.012143135 -0.210081 0.416854 1.669221 0.000000 0.000000 0.000000 1.000000
1403715401.062143087 -0.209230 0.420438 1.669405 0.000000 0.000000 0.000000 1.000000
1403715401.112143040 -0.208374 0.426381 1.670122 0.000000 0.000000 0.000000 1.000000
1403715401.162142992 -0.207915 0.429672 1.670518 0.000000 0.000000 0.000000 1.000000
1403715401.212143183 -0.207670 0.431505 1.670740 0.000000 0.000000 0.000000 1.000000
1403715401.262142897 -0.207397 0.437143 1.671270 0.000000 0.000000 0.000000 1.000000
1403715401.312143087 -0.207011 0.444404 1.672098 0.000000 0.000000 0.000000 1.000000
1403715401.362143040 -0.206903 0.452993 1.672860 0.000000 0.000000 0.000000 1.000000
1403715401.412142992 -0.206879 0.461899 1.673528 0.000000 0.000000 0.000000 1.000000
1403715401.462142944 -0.206921 0.466857 1.673894 0.000000 0.000000 0.000000 1.000000
1403715401.512143135 -0.207777 0.473725 1.674772 0.000000 0.000000 0.000000 1.000000
1403715401.562143087 -0.209000 0.480946 1.675933 0.000000 0.000000 0.000000 1.000000
1403715401.612143040 -0.210721 0.489175 1.677162 0.000000 0.000000 0.000000 1.000000
1403715401.662142992 -0.212928 0.497764 1.677961 0.000000 0.000000 0.000000 1.000000
1403715401.712143183 -0.215435 0.506896 1.678834 0.000000 0.000000 0.000000 1.000000
1403715401.762142897 -0.216884 0.511907 1.679294 0.000000 0.000000 0.000000 1.000000
1403715401.812143087 -0.218731 0.518251 1.679768 0.000000 0.000000 0.000000 1.000000
1403715401.862143040 -0.221100 0.525282 1.680264 0.000000 0.000000 0.000000 1.000000
1403715401.912142992 -0.222049 0.532283 1.678108 0.000000 0.000000 0.000000 1.000000
1403715401.962142944 -0.223729 0.539862 1.677115 0.000000 0.000000 0.000000 1.000000
1403715402.012143135 -0.224607 0.544019 1.676577 0.000000 0.000000 0.000000 1.000000
1403715402.062143087 -0.225699 0.550285 1.676619 0.000000 0.000000 0.000000 1.000000
1403715402.112143040 -0.227296 0.557574 1.676928 0.000000 0.000000 0.000000 1.000000
1403715402.162142992 -0.230264 0.565465 1.677126 0.000000 0.000000 0.000000 1.000000
1403715402.212143183 -0.231524 0.572467 1.673115 0.000000 0.000000 0.000000 1.000000
1403715402.262142897 -0.232270 0.576312 1.670895 0.000000 0.000000 0.000000 1.000000
1403715402.312143087 -0.234179 0.582444 1.669747 0.000000 0.000000 0.000000 1.000000
1403715402.362143040 -0.235243 0.585822 1.669113 0.000000 0.000000 0.000000 1.000000
1403715402.412142992 -0.235854 0.587675 1.668758 0.000000 0.000000 0.000000 1.000000
1403715402.462142944 -0.235572 0.585820 1.665228 0.000000 0.000000 0.000000 1.000000
1403715402.512143135 -0.235429 0.584742 1.663274 0.000000 0.000000 0.000000 1.000000
1403715402.562143087 -0.235358 0.584111 1.662191 0.000000 0.000000 0.000000 1.000000
1403715402.612143040 -0.235777 0.587556 1.661688 0.000000 0.000000 0.000000 1.000000
1403715402.662142992 -0.236023 0.589428 1.661405 0.000000 0.000000 0.000000 1.000000
1403715402.712143183 -0.235230 0.594924 1.661371 0.000000 0.000000 0.000000 1.000000
1403715402.762142897 -0.235471 0.602560 1.662874 0.000000 0.000000 0.000000 1.000000
1403715402.812143087 -0.234804 0.611613 1.663807 0.000000 0.000000 0.000000 1.000000
1403715402.862143040 -0.234502 0.616579 1.664308 0.000000 0.000000 0.000000 1.000000
1403715402.912142992 -0.233075 0.620086 1.661446 0.000000 0.000000 0.000000 1.000000
1403715402.962142944 -0.234143 0.617513 1.659293 0.000000 0.000000 0.000000 1.000000
1403715403.012143135 -0.234650 0.616052 1.658111 0.000000 0.000000 0.000000 1.000000
1403715403.062143087 -0.234846 0.615232 1.657468 0.000000 0.000000 0.000000 1.000000
1403715403.112143040 -0.234877 0.614775 1.657122 0.000000 0.000000 0.000000 1.000000
1403715403.162142992 -0.234829 0.614523 1.656939 0.000000 0.000000 0.000000 1.000000
1403715403.212143183 -0.234757 0.614391 1.656844 0.000000 0.000000 0.000000 1.000000
1403715403.262142897 -0.234104 0.618107 1.657802 0.000000 0.000000 0.000000 1.000000
1403715403.312143087 -0.233720 0.620162 1.658333 0.000000 0.000000 0.000000 1.000000
1403715403.362143040 -0.233484 0.621307 1.658631 0.000000 0.000000 0.000000 1.000000
1403715403.412142992 -0.233357 0.621908 1.658789 0.000000 0.000000 0.000000 1.000000
1403715403.462142944 -0.233302 0.622215 1.658870 0.000000 0.000000 0.000000 1.000000
1403715403.512143135 -0.233294 0.622362 1.658907 0.000000 0.000000 0.000000 1.000000
1403715403.562143087 -0.233315 0.622412 1.658919 0.000000 0.000000 0.000000 1.000000
1403715403.612143040 -0.233345 0.622397 1.658915 0.000000 0.000000 0.000000 1.000000
1403715403.662142992 -0.233373 0.622355 1.658905 0.000000 0.000000 0.000000 1.000000
1403715403.712143183 -0.233402 0.622279 1.658887 0.000000 0.000000 0.000000 1.000000
1403715403.762142897 -0.233494 0.623926 1.654948 0.000000 0.000000 0.000000 1.000000
1403715403.812143087 -0.234628 0.627584 1.650800 0.000000 0.000000 0.000000 1.000000
1403715403.862143040 -0.234734 0.625935 1.647584 0.000000 0.000000 0.000000 1.000000
1403715403.912142992 -0.235676 0.627366 1.642418 0.000000 0.000000 0.000000 1.000000
1403715403.962142944 -0.237560 0.630221 1.635504 0.000000 0.000000 0.000000 1.000000
1403715404.012143135 -0.240121 0.633787 1.627471 0.000000 0.000000 0.000000 1.000000
1403715404.062143087 -0.243113 0.637756 1.618848 0.000000 0.000000 0.000000 1.000000
1403715404.112143040 -0.246772 0.642037 1.610903 0.000000 0.000000 0.000000 1.000000
1403715404.162142992 -0.250064 0.645824 1.602003 0.000000 0.000000 0.000000 1.000000
1403715404.212143183 -0.254087 0.650069 1.594173 0.000000 0.000000 0.000000 1.000000
1403715404.262142897 -0.257827 0.654170 1.585535 0.000000 0.000000 0.000000 1.000000
1403715404.312143087 -0.261382 0.659241 1.577811 0.000000 0.000000 0.000000 1.000000
1403715404.362143040 -0.264451 0.664669 1.569686 0.000000 0.000000 0.000000 1.000000
1403715404.412142992 -0.267064 0.670417 1.561309 0.000000 0.000000 0.000000 1.000000
1403715404.462142944 -0.269590 0.676844 1.554168 0.000000 0.000000 0.000000 1.000000
1403715404.512143135 -0.271124 0.683953 1.546861 0.000000 0.000000 0.000000 1.000000
1403715404.562143087 -0.272379 0.689988 1.538827 0.000000 0.000000 0.000000 1.000000
1403715404.612143040 -0.272962 0.696120 1.530562 0.000000 0.000000 0.000000 1.000000
1403715404.662142992 -0.273115 0.702079 1.523987 0.000000 0.000000 0.000000 1.000000
1403715404.712143183 -0.273342 0.707967 1.518511 0.000000 0.000000 0.000000 1.000000
1403715404.762142897 -0.273164 0.713079 1.511008 0.000000 0.000000 0.000000 1.000000
1403715404.812143087 -0.272640 0.718420 1.504818 0.000000 0.000000 0.000000 1.000000
1403715404.862143040 -0.272368 0.721346 1.501415 0.000000 0.000000 0.000000 1.000000
1403715404.912142992 -0.272243 0.722943 1.499545 0.000000 0.000000 0.000000 1.000000
1403715404.962142944 -0.272211 0.723802 1.498520 0.000000 0.000000 0.000000 1.000000
1403715405.012143135 -0.272241 0.724244 1.497960 0.000000 0.000000 0.000000 1.000000
1403715405.062143087 -0.272310 0.724451 1.497656 0.000000 0.000000 0.000000 1.000000
1403715405.112143040 -0.272402 0.724521 1.497494 0.000000 0.000000 0.000000 1.000000
1403715405.162142992 -0.271503 0.728182 1.497423 0.000000 0.000000 0.000000 1.000000
1403715405.212143183 -0.269664 0.734362 1.497141 0.000000 0.000000 0.000000 1.000000
1403715405.262142897 -0.268717 0.737668 1.496992 0.000000 0.000000 0.000000 1.000000
1403715405.312143087 -0.268254 0.739381 1.496914 0.000000 0.000000 0.000000 1.000000
1403715405.362143040 -0.268056 0.740213 1.496875 0.000000 0.000000 0.000000 1.000000
1403715405.412142992 -0.267992 0.740554 1.496855 0.000000 0.000000 0.000000 1.000000
1403715405.462142944 -0.268011 0.740628 1.496848 0.000000 0.000000 0.000000 1.000000
1403715405.512143135 -0.268081 0.740559 1.496852 0.000000 0.000000 0.000000 1.000000
1403715405.562143087 -0.268178 0.740410 1.496861 0.000000 0.000000 0.000000 1.000000
1403715405.612143040 -0.268858 0.736576 1.496548 0.000000 0.000000 0.000000 1.000000
1403715405.662142992 -0.269261 0.734339 1.496374 0.000000 0.000000 0.000000 1.000000
1403715405.712143183 -0.269514 0.732989 1.496278 0.000000 0.000000 0.000000 1.000000
1403715405.762142897 -0.269179 0.728588 1.495456 0.000000 0.000000 0.000000 1.000000
1403715405.812143087 -0.269036 0.726056 1.495009 0.000000 0.000000 0.000000 1.000000
1403715405.862143040 -0.268996 0.724553 1.494768 0.000000 0.000000 0.000000 1.000000
1403715405.912142992 -0.267386 0.727769 1.494664 0.000000 0.000000 0.000000 1.000000
1403715405.962142944 -0.269045 0.728753 1.491182 0.000000 0.000000 0.000000 1.000000
1403715406.012143135 -0.270435 0.732210 1.486173 0.000000 0.000000 0.000000 1.000000
1403715406.062143087 -0.271223 0.734081 1.483426 0.000000 0.000000 0.000000 1.000000
1403715406.112143040 -0.271676 0.735079 1.481921 0.000000 0.000000 0.000000 1.000000
1403715406.162142992 -0.271177 0.740474 1.480723 0.000000 0.000000 0.000000 1.000000
1403715406.212143183 -0.269386 0.747726 1.479736 0.000000 0.000000 0.000000 1.000000
1403715406.262142897 -0.266304 0.755996 1.478170 0.000000 0.000000 0.000000 1.000000
1403715406.312143087 -0.263045 0.764170 1.476523 0.000000 0.000000 0.000000 1.000000
1403715406.362143040 -0.261285 0.768607 1.475630 0.000000 0.000000 0.000000 1.000000
1403715406.412142992 -0.257830 0.774951 1.473470 0.000000 0.000000 0.000000 1.000000
1403715406.462142944 -0.253715 0.781959 1.470883 0.000000 0.000000 0.000000 1.000000
1403715406.512143135 -0.253585 0.782474 1.470845 0.000000 0.000000 0.000000 1.000000
1403715406.562143087 -0.251145 0.786257 1.469443 0.000000 0.000000 0.000000 1.000000
1403715406.612143040 -0.249880 0.790731 1.465480 0.000000 0.000000 0.000000 1.000000
1403715406.662142992 -0.247140 0.796261 1.461939 0.000000 0.000000 0.000000 1.000000
1403715406.712143183 -0.244723 0.796072 1.463363 0.000000 0.000000 0.000000 1.000000
1403715406.762142897 -0.243312 0.798611 1.461112 0.000000 0.000000 0.000000 1.000000
1403715406.812143087 -0.242687 0.802500 1.456433 0.000000 0.000000 0.000000 1.000000
1403715406.862143040 -0.241714 0.801228 1.457349 0.000000 0.000000 0.000000 1.000000
1403715406.912142992 -0.241717 0.803144 1.455000 0.000000 0.000000 0.000000 1.000000
1403715406.962142944 -0.243260 0.800714 1.454468 0.000000 0.000000 0.000000 1.000000
1403715407.012143135 -0.243429 0.795498 1.456815 0.000000 0.000000 0.000000 1.000000
1403715407.062143087 -0.242773 0.789596 1.461388 0.000000 0.000000 0.000000 1.000000
1403715407.112143040 -0.245318 0.783155 1.466261 0.000000 0.000000 0.000000 1.000000
1403715407.162142992 -0.247425 0.781782 1.465457 0.000000 0.000000 0.000000 1.000000
1403715407.212143183 -0.250985 0.777380 1.467281 0.000000 0.000000 0.000000 1.000000
1403715407.262142897 -0.254494 0.770433 1.469435 0.000000 0.000000 0.000000 1.000000
1403715407.312143087 -0.257554 0.769157 1.468429 0.000000 0.000000 0.000000 1.000000
1403715407.362143040 -0.260848 0.771082 1.465325 0.000000 0.000000 0.000000 1.000000
1403715407.412142992 -0.265319 0.774786 1.461276 0.000000 0.000000 0.000000 1.000000
1403715407.462142944 -0.270480 0.779627 1.457231 0.000000 0.000000 0.000000 1.000000
1403715407.512143135 -0.275824 0.785940 1.452861 0.000000 0.000000 0.000000 1.000000
1403715407.562143087 -0.282051 0.792543 1.448560 0.000000 0.000000 0.000000 1.000000
1403715407.612143040 -0.288413 0.799793 1.444618 0.000000 0.000000 0.000000 1.000000
1403715407.662142992 -0.295368 0.806759 1.440607 0.000000 0.000000 0.000000 1.000000
1403715407.712143183 -0.302296 0.813900 1.436497 0.000000 0.000000 0.000000 1.000000
1403715407.762142897 -0.308775 0.821902 1.433534 0.000000 0.000000 0.000000 1.000000
1403715407.812143087 -0.315536 0.829737 1.430426 0.000000 0.000000 0.000000 1.000000
1403715407.862143040 -0.322432 0.837455 1.427137 0.000000 0.000000 0.000000 1.000000
1403715407.912142992 -0.329251 0.845362 1.424045 0.000000 0.000000 0.000000 1.000000
1403715407.962142944 -0.335524 0.850656 1.420219 0.000000 0.000000 0.000000 1.000000
1403715408.012143135 -0.339001 0.853573 1.418141 0.000000 0.000000 0.000000 1.000000
1403715408.062143087 -0.343770 0.859110 1.416229 0.000000 0.000000 0.000000 1.000000
1403715408.112143040 -0.346272 0.861980 1.411976 0.000000 0.000000 0.000000 1.000000
1403715408.162142992 -0.347667 0.863568 1.409657 0.000000 0.000000 0.000000 1.000000
1403715408.212143183 -0.348138 0.863585 1.405258 0.000000 0.000000 0.000000 1.000000
1403715408.262142897 -0.348418 0.863605 1.402861 0.000000 0.000000 0.000000 1.000000
1403715408.312143087 -0.348591 0.863625 1.401563 0.000000 0.000000 0.000000 1.000000
1403715408.362143040 -0.348708 0.863647 1.400872 0.000000 0.000000 0.000000 1.000000
1403715408.412142992 -0.348797 0.863684 1.400522 0.000000 0.000000 0.000000 1.000000
1403715408.462142944 -0.348864 0.863753 1.400360 0.000000 0.000000 0.000000 1.000000
1403715408.512143135 -0.351725 0.866864 1.399325 0.000000 0.000000 0.000000 1.000000
1403715408.562143087 -0.353930 0.871604 1.399759 0.000000 0.000000 0.000000 1.000000
1403715408.612143040 -0.355364 0.877593 1.400741 0.000000 0.000000 0.000000 1.000000
1403715408.662142992 -0.358138 0.881237 1.397047 0.000000 0.000000 0.000000 1.000000
1403715408.712143183 -0.359620 0.883349 1.395002 0.000000 0.000000 0.000000 1.000000
1403715408.762142897 -0.360319 0.888352 1.394292 0.000000 0.000000 0.000000 1.000000
1403715408.812143087 -0.360936 0.895778 1.395423 0.000000 0.000000 0.000000 1.000000
1403715408.862143040 -0.360023 0.902924 1.395443 0.000000 0.000000 0.000000 1.000000
1403715408.912142992 -0.359753 0.911264 1.395679 0.000000 0.000000 0.000000 1.000000
1403715408.962142944 -0.359517 0.915959 1.395762 0.000000 0.000000 0.000000 1.000000
1403715409.012143135 -0.359555 0.923453 1.396043 0.000000 0.000000 0.000000 1.000000
1403715409.062143087 -0.359485 0.927688 1.396153 0.000000 0.000000 0.000000 1.000000
1403715409.112143040 -0.357686 0.934202 1.395555 0.000000 0.000000 0.000000 1.000000
1403715409.162142992 -0.356628 0.937904 1.395204 0.000000 0.000000 0.000000 1.000000
1403715409.212143183 -0.355975 0.940035 1.394981 0.000000 0.000000 0.000000 1.000000
1403715409.262142897 -0.355549 0.941275 1.394823 0.000000 0.000000 0.000000 1.000000
1403715409.312143087 -0.355261 0.942023 1.394712 0.000000 0.000000 0.000000 1.000000
1403715409.362143040 -0.351683 0.941439 1.395860 0.000000 0.000000 0.000000 1.000000
1403715409.412142992 -0.346312 0.940223 1.397609 0.000000 0.000000 0.000000 1.000000
1403715409.462142944 -0.343327 0.939591 1.398558 0.000000 0.000000 0.000000 1.000000
1403715409.512143135 -0.341652 0.939279 1.399066 0.000000 0.000000 0.000000 1.000000
1403715409.562143087 -0.340709 0.939098 1.399326 0.000000 0.000000 0.000000 1.000000
1403715409.612143040 -0.340182 0.938983 1.399460 0.000000 0.000000 0.000000 1.000000
1403715409.662142992 -0.339885 0.938896 1.399522 0.000000 0.000000 0.000000 1.000000
1403715409.712143183 -0.339707 0.938813 1.399536 0.000000 0.000000 0.000000 1.000000
1403715409.762142897 -0.339593 0.938731 1.399523 0.000000 0.000000 0.000000 1.000000
1403715409.812143087 -0.339516 0.938649 1.399495 0.000000 0.000000 0.000000 1.000000
1403715409.862143040 -0.339463 0.938569 1.399464 0.000000 0.000000 0.000000 1.000000
1403715409.912142992 -0.339422 0.938479 1.399426 0.000000 0.000000 0.000000 1.000000
1403715409.962142944 -0.339391 0.938397 1.399390 0.000000 0.000000 0.000000 1.000000
1403715410.012143135 -0.339380 0.938322 1.399366 0.000000 0.000000 0.000000 1.000000
1403715410.062143087 -0.339385 0.938266 1.399358 0.000000 0.000000 0.000000 1.000000
1403715410.112143040 -0.339416 0.938229 1.399371 0.000000 0.000000 0.000000 1.000000
1403715410.162142992 -0.339478 0.938211 1.399412 0.000000 0.000000 0.000000 1.000000
1403715410.212143183 -0.343033 0.940254 1.402192 0.000000 0.000000 0.000000 1.000000
1403715410.262142897 -0.345022 0.941379 1.403747 0.000000 0.000000 0.000000 1.000000
1403715410.312143087 -0.346145 0.941997 1.404624 0.000000 0.000000 0.000000 1.000000
1403715410.362143040 -0.346783 0.942336 1.405121 0.000000 0.000000 0.000000 1.000000
1403715410.412142992 -0.347149 0.942511 1.405402 0.000000 0.000000 0.000000 1.000000
1403715410.462142944 -0.347341 0.942595 1.405547 0.000000 0.000000 0.000000 1.000000
1403715410.512143135 -0.347434 0.942628 1.405613 0.000000 0.000000 0.000000 1.000000
1403715410.562143087 -0.347474 0.942628 1.405637 0.000000 0.000000 0.000000 1.000000
1403715410.612143040 -0.347487 0.942622 1.405641 0.000000 0.000000 0.000000 1.000000
1403715410.662142992 -0.349239 0.942727 1.401738 0.000000 0.000000 0.000000 1.000000
1403715410.712143183 -0.351312 0.944192 1.395010 0.000000 0.000000 0.000000 1.000000
1403715410.762142897 -0.352486 0.945019 1.391339 0.000000 0.000000 0.000000 1.000000
1403715410.812143087 -0.353186 0.945503 1.389367 0.000000 0.000000 0.000000 1.000000
1403715410.862143040 -0.353613 0.945802 1.388323 0.000000 0.000000 0.000000 1.000000
1403715410.912142992 -0.353882 0.945998 1.387782 0.000000 0.000000 0.000000 1.000000
1403715410.962142944 -0.354012 0.946129 1.387477 0.000000 0.000000 0.000000 1.000000
1403715411.012143135 -0.354046 0.946217 1.387286 0.000000 0.000000 0.000000 1.000000
1403715411.062143087 -0.354027 0.946279 1.387155 0.000000 0.000000 0.000000 1.000000
1403715411.112143040 -0.353976 0.946325 1.387057 0.000000 0.000000 0.000000 1.000000
1403715411.162142992 -0.353909 0.946377 1.386980 0.000000 0.000000 0.000000 1.000000
1403715411.212143183 -0.353862 0.946457 1.386944 0.000000 0.000000 0.000000 1.000000
1403715411.262142897 -0.353832 0.946545 1.386932 0.000000 0.000000 0.000000 1.000000
1403715411.312143087 -0.354853 0.947875 1.383306 0.000000 0.000000 0.000000 1.000000
1403715411.362143040 -0.355438 0.948635 1.381337 0.000000 0.000000 0.000000 1.000000
1403715411.412142992 -0.355789 0.949080 1.380284 0.000000 0.000000 0.000000 1.000000
1403715411.462142944 -0.356012 0.949352 1.379736 0.000000 0.000000 0.000000 1.000000
1403715411.512143135 -0.356142 0.949525 1.379447 0.000000 0.000000 0.000000 1.000000
1403715411.562143087 -0.356202 0.949624 1.379279 0.000000 0.000000 0.000000 1.000000
1403715411.612143040 -0.356222 0.949678 1.379176 0.000000 0.000000 0.000000 1.000000
1403715411.662142992 -0.356213 0.949708 1.379104 0.000000 0.000000 0.000000 1.000000
1403715411.712143183 -0.356194 0.949725 1.379052 0.000000 0.000000 0.000000 1.000000
1403715411.762142897 -0.356170 0.949736 1.379015 0.000000 0.000000 0.000000 1.000000
1403715411.812143087 -0.356152 0.949744 1.378990 0.000000 0.000000 0.000000 1.000000
1403715411.862143040 -0.356131 0.949752 1.378970 0.000000 0.000000 0.000000 1.000000
1403715411.912142992 -0.356113 0.949762 1.378954 0.000000 0.000000 0.000000 1.000000
1403715411.962142944 -0.356099 0.949781 1.378946 0.000000 0.000000 0.000000 1.000000
1403715412.012143135 -0.356082 0.949798 1.378936 0.000000 0.000000 0.000000 1.000000
1403715412.062143087 -0.356061 0.949814 1.378923 0.000000 0.000000 0.000000 1.000000
1403715412.112143040 -0.356041 0.949829 1.378911 0.000000 0.000000 0.000000 1.000000
1403715412.162142992 -0.356012 0.949835 1.378890 0.000000 0.000000 0.000000 1.000000
1403715412.212143183 -0.355981 0.949838 1.378867 0.000000 0.000000 0.000000 1.000000
1403715412.262142897 -0.355952 0.949841 1.378845 0.000000 0.000000 0.000000 1.000000
1403715412.312143087 -0.355923 0.949843 1.378824 0.000000 0.000000 0.000000 1.000000
1403715412.362143040 -0.355894 0.949845 1.378801 0.000000 0.000000 0.000000 1.000000
1403715412.412142992 -0.355865 0.949848 1.378780 0.000000 0.000000 0.000000 1.000000
1403715412.462142944 -0.355830 0.949848 1.378753 0.000000 0.000000 0.000000 1.000000
1403715412.512143135 -0.355793 0.949847 1.378724 0.000000 0.000000 0.000000 1.000000
1403715412.562143087 -0.355756 0.949845 1.378695 0.000000 0.000000 0.000000 1.000000
1403715412.612143040 -0.355723 0.949843 1.378669 0.000000 0.000000 0.000000 1.000000
1403715412.662142992 -0.355694 0.949844 1.378647 0.000000 0.000000 0.000000 1.000000
1403715412.712143183 -0.355660 0.949842 1.378621 0.000000 0.000000 0.000000 1.000000
1403715412.762142897 -0.355629 0.949846 1.378598 0.000000 0.000000 0.000000 1.000000
1403715412.812143087 -0.355599 0.949851 1.378576 0.000000 0.000000 0.000000 1.000000
1403715412.862143040 -0.355571 0.949859 1.378557 0.000000 0.000000 0.000000 1.000000
1403715412.912142992 -0.355551 0.949867 1.378544 0.000000 0.000000 0.000000 1.000000
1403715412.962142944 -0.355543 0.949874 1.378539 0.000000 0.000000 0.000000 1.000000
1403715413.012143135 -0.351527 0.950371 1.379944 0.000000 0.000000 0.000000 1.000000
1403715413.062143087 -0.349320 0.950654 1.380719 0.000000 0.000000 0.000000 1.000000
1403715413.112143040 -0.348102 0.950812 1.381143 0.000000 0.000000 0.000000 1.000000
1403715413.162142992 -0.347433 0.950899 1.381377 0.000000 0.000000 0.000000 1.000000
1403715413.212143183 -0.347060 0.950946 1.381502 0.000000 0.000000 0.000000 1.000000
1403715413.262142897 -0.344509 0.949631 1.379187 0.000000 0.000000 0.000000 1.000000
1403715413.312143087 -0.340699 0.948213 1.375510 0.000000 0.000000 0.000000 1.000000
1403715413.362143040 -0.334806 0.946221 1.370604 0.000000 0.000000 0.000000 1.000000
1403715413.412142992 -0.327957 0.944059 1.364733 0.000000 0.000000 0.000000 1.000000
1403715413.462142944 -0.321920 0.941951 1.359432 0.000000 0.000000 0.000000 1.000000
1403715413.512143135 -0.316122 0.939462 1.353851 0.000000 0.000000 0.000000 1.000000
1403715413.562143087 -0.310727 0.936523 1.348486 0.000000 0.000000 0.000000 1.000000
1403715413.612143040 -0.305650 0.933171 1.342797 0.000000 0.000000 0.000000 1.000000
1403715413.662142992 -0.300938 0.929362 1.337168 0.000000 0.000000 0.000000 1.000000
1403715413.712143183 -0.296216 0.924618 1.331988 0.000000 0.000000 0.000000 1.000000
1403715413.762142897 -0.291045 0.919695 1.327576 0.000000 0.000000 0.000000 1.000000
1403715413.812143087 -0.285546 0.914463 1.322601 0.000000 0.000000 0.000000 1.000000
1403715413.862143040 -0.280142 0.909180 1.317326 0.000000 0.000000 0.000000 1.000000
1403715413.912142992 -0.275222 0.903743 1.312156 0.000000 0.000000 0.000000 1.000000
1403715413.962142944 -0.270151 0.898460 1.306938 0.000000 0.000000 0.000000 1.000000
1403715414.012143135 -0.264657 0.893148 1.301185 0.000000 0.000000 0.000000 1.000000
1403715414.062143087 -0.259050 0.888302 1.296055 0.000000 0.000000 0.000000 1.000000
1403715414.112143040 -0.253136 0.883747 1.290624 0.000000 0.000000 0.000000 1.000000
1403715414.162142992 -0.249845 0.881233 1.287607 0.000000 0.000000 0.000000 1.000000
1403715414.212143183 -0.251750 0.878483 1.288870 0.000000 0.000000 0.000000 1.000000
1403715414.262142897 -0.252763 0.876961 1.289538 0.000000 0.000000 0.000000 1.000000
1403715414.312143087 -0.255495 0.877357 1.286234 0.000000 0.000000 0.000000 1.000000
1403715414.362143040 -0.256983 0.877572 1.284405 0.000000 0.000000 0.000000 1.000000
1403715414.412142992 -0.257797 0.877696 1.283398 0.000000 0.000000 0.000000 1.000000
1403715414.462142944 -0.258249 0.877776 1.282850 0.000000 0.000000 0.000000 1.000000
1403715414.512143135 -0.255383 0.878160 1.286342 0.000000 0.000000 0.000000 1.000000
1403715414.562143087 -0.253825 0.878394 1.288280 0.000000 0.000000 0.000000 1.000000
1403715414.612143040 -0.252992 0.878544 1.289367 0.000000 0.000000 0.000000 1.000000
1403715414.662142992 -0.255804 0.876862 1.286741 0.000000 0.000000 0.000000 1.000000
1403715414.712143183 -0.257373 0.875947 1.285315 0.000000 0.000000 0.000000 1.000000
1403715414.762142897 -0.258255 0.875453 1.284546 0.000000 0.000000 0.000000 1.000000
1403715414.812143087 -0.256243 0.877179 1.282482 0.000000 0.000000 0.000000 1.000000
1403715414.862143040 -0.252359 0.879761 1.279199 0.000000 0.000000 0.000000 1.000000
1403715414.912142992 -0.250578 0.879325 1.280362 0.000000 0.000000 0.000000 1.000000
1403715414.962142944 -0.246982 0.880207 1.278965 0.000000 0.000000 0.000000 1.000000
1403715415.012143135 -0.241787 0.881216 1.275425 0.000000 0.000000 0.000000 1.000000
1403715415.062143087 -0.238607 0.880820 1.270237 0.000000 0.000000 0.000000 1.000000
1403715415.112143040 -0.236967 0.880406 1.264182 0.000000 0.000000 0.000000 1.000000
1403715415.162142992 -0.236163 0.879640 1.257690 0.000000 0.000000 0.000000 1.000000
1403715415.212143183 -0.235925 0.878913 1.250932 0.000000 0.000000 0.000000 1.000000
1403715415.262142897 -0.235898 0.877555 1.244154 0.000000 0.000000 0.000000 1.000000
1403715415.312143087 -0.235985 0.876139 1.237073 0.000000 0.000000 0.000000 1.000000
1403715415.362143040 -0.235994 0.874442 1.229673 0.000000 0.000000 0.000000 1.000000
1403715415.412142992 -0.235318 0.869430 1.222936 0.000000 0.000000 0.000000 1.000000
1403715415.462142944 -0.233912 0.862252 1.217353 0.000000 0.000000 0.000000 1.000000
1403715415.512143135 -0.232628 0.853948 1.212053 0.000000 0.000000 0.000000 1.000000
1403715415.562143087 -0.231369 0.846382 1.208140 0.000000 0.000000 0.000000 1.000000
1403715415.612143040 -0.229841 0.839275 1.204687 0.000000 0.000000 0.000000 1.000000
1403715415.662142992 -0.227125 0.831848 1.200561 0.000000 0.000000 0.000000 1.000000
1403715415.712143183 -0.223442 0.826368 1.196406 0.000000 0.000000 0.000000 1.000000
1403715415.762142897 -0.219793 0.821472 1.192091 0.000000 0.000000 0.000000 1.000000
1403715415.812143087 -0.217811 0.818827 1.189740 0.000000 0.000000 0.000000 1.000000
1403715415.862143040 -0.215892 0.819521 1.190683 0.000000 0.000000 0.000000 1.000000
1403715415.912142992 -0.215019 0.822272 1.189045 0.000000 0.000000 0.000000 1.000000
1403715415.962142944 -0.210376 0.824829 1.185739 0.000000 0.000000 0.000000 1.000000
1403715416.012143135 -0.207792 0.826217 1.183900 0.000000 0.000000 0.000000 1.000000
1403715416.062143087 -0.206376 0.826962 1.182890 0.000000 0.000000 0.000000 1.000000
1403715416.112143040 -0.205610 0.827377 1.182343 0.000000 0.000000 0.000000 1.000000
1403715416.162142992 -0.205191 0.827610 1.182044 0.000000 0.000000 0.000000 1.000000
1403715416.212143183 -0.204954 0.827719 1.181873 0.000000 0.000000 0.000000 1.000000
1403715416.262142897 -0.204806 0.827769 1.181767 0.000000 0.000000 0.000000 1.000000
1403715416.312143087 -0.204719 0.827795 1.181705 0.000000 0.000000 0.000000 1.000000
1403715416.362143040 -0.204668 0.827804 1.181668 0.000000 0.000000 0.000000 1.000000
1403715416.412142992 -0.204640 0.827809 1.181648 0.000000 0.000000 0.000000 1.000000
1403715416.462142944 -0.204619 0.827807 1.181633 0.000000 0.000000 0.000000 1.000000
1403715416.512143135 -0.204607 0.827806 1.181625 0.000000 0.000000 0.000000 1.000000
1403715416.562143087 -0.204601 0.827805 1.181620 0.000000 0.000000 0.000000 1.000000
1403715416.612143040 -0.204593 0.827800 1.181615 0.000000 0.000000 0.000000 1.000000
1403715416.662142992 -0.204588 0.827797 1.181611 0.000000 0.000000 0.000000 1.000000
1403715416.712143183 -0.204586 0.827795 1.181610 0.000000 0.000000 0.000000 1.000000
1403715416.762142897 -0.204585 0.827794 1.181609 0.000000 0.000000 0.000000 1.000000
1403715416.812143087 -0.204584 0.827794 1.181608 0.000000 0.000000 0.000000 1.000000
1403715416.862143040 -0.206196 0.825171 1.182513 0.000000 0.000000 0.000000 1.000000
1403715416.912142992 -0.209022 0.821428 1.184125 0.000000 0.000000 0.000000 1.000000
1403715416.962142944 -0.210576 0.819369 1.185012 0.000000 0.000000 0.000000 1.000000
1403715417.012143135 -0.211431 0.818237 1.185500 0.000000 0.000000 0.000000 1.000000
1403715417.062143087 -0.211901 0.817614 1.185768 0.000000 0.000000 0.000000 1.000000
1403715417.112143040 -0.212160 0.817272 1.185916 0.000000 0.000000 0.000000 1.000000
1403715417.162142992 -0.212302 0.817083 1.185997 0.000000 0.000000 0.000000 1.000000
1403715417.212143183 -0.212380 0.816980 1.186042 0.000000 0.000000 0.000000 1.000000
1403715417.262142897 -0.212423 0.816923 1.186066 0.000000 0.000000 0.000000 1.000000
1403715417.312143087 -0.212447 0.816891 1.186080 0.000000 0.000000 0.000000 1.000000
1403715417.362143040 -0.212460 0.816874 1.186087 0.000000 0.000000 0.000000 1.000000
1403715417.412142992 -0.212467 0.816865 1.186091 0.000000 0.000000 0.000000 1.000000
1403715417.462142944 -0.212471 0.816859 1.186093 0.000000 0.000000 0.000000 1.000000
1403715417.512143135 -0.212473 0.816857 1.186095 0.000000 0.000000 0.000000 1.000000
1403715417.562143087 -0.212474 0.816855 1.186095 0.000000 0.000000 0.000000 1.000000
1403715417.612143040 -0.212475 0.816854 1.186096 0.000000 0.000000 0.000000 1.000000
1403715417.662142992 -0.212475 0.816854 1.186096 0.000000 0.000000 0.000000 1.000000
1403715417.712143183 -0.212476 0.816853 1.186096 0.000000 0.000000 0.000000 1.000000
1403715417.762142897 -0.212476 0.816853 1.186096 0.000000 0.000000 0.000000 1.000000
1403715417.812143087 -0.212476 0.816853 1.186096 0.000000 0.000000 0.000000 1.000000
1403715417.862143040 -0.212476 0.816853 1.186096 0.000000 0.000000 0.000000 1.000000
1403715417.912142992 -0.212476 0.816853 1.186096 0.000000 0.000000 0.000000 1.000000
1403715417.962142944 -0.212476 0.816853 1.186096 0.000000 0.000000 0.000000 1.000000
1403715418.012143135 -0.212476 0.816853 1.186096 0.000000 0.000000 0.000000 1.000000
1403715418.062143087 -0.212476 0.816853 1.186096 0.000000 0.000000 0.000000 1.000000
1403715418.112143040 -0.212476 0.816853 1.186096 0.000000 0.000000 0.000000 1.000000
1403715418.162142992 -0.212476 0.816853 1.186096 0.000000 0.000000 0.000000 1.000000
1403715418.212143183 -0.212476 0.816853 1.186096 0.000000 0.000000 0.000000 1.000000
1403715418.262142897 -0.212476 0.816853 1.186096 0.000000 0.000000 0.000000 1.000000
1403715418.312143087 -0.212476 0.816853 1.186096 0.000000 0.000000 0.000000 1.000000
1403715418.362143040 -0.212476 0.816853 1.186096 0.000000 0.000000 0.000000 1.000000
1403715418.412142992 -0.212476 0.816853 1.186096 0.000000 0.000000 0.000000 1.000000
1403715418.462142944 -0.212476 0.816853 1.186096 0.000000 0.000000 0.000000 1.000000
1403715418.512143135 -0.212476 0.816853 1.186096 0.000000 0.000000 0.000000 1.000000
1403715418.562143087 -0.212476 0.816853 1.186096 0.000000 0.000000 0.000000 1.000000
1403715418.612143040 -0.212476 0.816853 1.186096 0.000000 0.000000 0.000000 1.000000
1403715418.662142992 -0.212476 0.816853 1.186096 0.000000 0.000000 0.000000 1.000000
1403715418.712143183 -0.212476 0.816853 1.186096 0.000000 0.000000 0.000000 1.000000
1403715418.762142897 -0.212476 0.816853 1.186096 0.000000 0.000000 0.000000 1.000000
1403715418.812143087 -0.212476 0.816853 1.186096 0.000000 0.000000 0.000000 1.000000
